WWTracker, , , , 
TimeStamp,X,Y,Z, 
0.005,31.0999,-87.712,63.2837, 
0.155,31.1225,-86.0891,63.5765, 
0.157,31.1225,-86.0891,63.5765, 
0.316,31.0999,-87.712,63.2837, 
0.318,31.0999,-87.712,63.2837, 
0.475,31.0999,-87.712,63.2837, 
0.477,31.0999,-87.712,63.2837, 
0.632,31.0999,-87.712,63.2837, 
0.793,31.0999,-87.712,63.2837, 
0.795,31.0999,-87.712,63.2837, 
0.952,31.0999,-87.712,63.2837, 
0.954,31.0999,-87.712,63.2837, 
1.111,31.0999,-87.712,63.2837, 
1.113,31.0999,-87.712,63.2837, 
1.27,31.0999,-87.712,63.2837, 
1.272,31.0999,-87.712,63.2837, 
1.432,31.0999,-87.712,63.2837, 
1.434,31.0999,-87.712,63.2837, 
1.591,31.0999,-87.712,63.2837, 
1.594,31.0999,-87.712,63.2837, 
1.75,31.0999,-87.712,63.2837, 
1.753,31.0999,-87.712,63.2837, 
1.908,31.0999,-87.712,63.2837, 
1.909,31.0999,-87.712,63.2837, 
2.069,31.0999,-87.712,63.2837, 
2.072,31.0999,-87.712,63.2837, 
2.229,31.0999,-87.712,63.2837, 
2.232,31.0999,-87.712,63.2837, 
2.387,31.0999,-87.712,63.2837, 
2.389,31.0999,-87.712,63.2837, 
2.549,31.0999,-87.712,63.2837, 
2.551,31.0999,-87.712,63.2837, 
2.709,31.0999,-87.712,63.2837, 
2.711,31.0999,-87.712,63.2837, 
2.869,31.0999,-87.712,63.2837, 
2.872,31.0999,-87.712,63.2837, 
3.026,31.0999,-87.712,63.2837, 
3.028,31.0999,-87.712,63.2837, 
3.187,31.0999,-87.712,63.2837, 
3.19,31.0999,-87.712,63.2837, 
3.346,31.0999,-87.712,63.2837, 
3.349,31.0999,-87.712,63.2837, 
3.504,31.0999,-87.712,63.2837, 
3.506,31.0999,-87.712,63.2837, 
3.665,31.0999,-87.712,63.2837, 
3.668,31.0999,-87.712,63.2837, 
3.825,31.0999,-87.712,63.2837, 
3.828,31.0999,-87.712,63.2837, 
3.983,31.0999,-87.712,63.2837, 
3.985,31.0999,-87.712,63.2837, 
4.145,31.0999,-87.712,63.2837, 
4.148,31.0999,-87.712,63.2837, 
4.3,31.0999,-87.712,63.2837, 
4.302,31.0999,-87.712,63.2837, 
4.464,31.0999,-87.712,63.2837, 
4.62,31.0999,-87.712,63.2837, 
4.622,31.0999,-87.712,63.2837, 
4.778,31.0999,-87.712,63.2837, 
4.781,31.0999,-87.712,63.2837, 
4.94,31.0999,-87.712,63.2837, 
4.942,31.0999,-87.712,63.2837, 
5.098,31.0999,-87.712,63.2837, 
5.101,31.0999,-87.712,63.2837, 
5.261,31.0999,-87.712,63.2837, 
5.263,31.0999,-87.712,63.2837, 
5.421,31.0999,-87.712,63.2837, 
5.424,31.0999,-87.712,63.2837, 
5.576,31.0999,-87.712,63.2837, 
5.579,31.0999,-87.712,63.2837, 
5.735,31.0999,-87.712,63.2837, 
5.737,31.0999,-87.712,63.2837, 
5.897,31.0999,-87.712,63.2837, 
5.9,31.0999,-87.712,63.2837, 
6.057,31.0999,-87.712,63.2837, 
6.06,31.0999,-87.712,63.2837, 
6.215,31.0999,-87.712,63.2837, 
6.218,31.0999,-87.712,63.2837, 
6.375,31.1225,-86.0891,63.5765, 
6.378,31.1225,-86.0891,63.5765, 
6.536,31.0999,-87.712,63.2837, 
6.539,31.0999,-87.712,63.2837, 
6.695,31.0999,-87.712,63.2837, 
6.697,31.0999,-87.712,63.2837, 
6.857,31.0999,-87.712,63.2837, 
6.859,31.0999,-87.712,63.2837, 
7.012,31.0999,-87.712,63.2837, 
7.014,31.0999,-87.712,63.2837, 
7.176,31.0999,-87.712,63.2837, 
7.178,31.0999,-87.712,63.2837, 
7.334,31.0999,-87.712,63.2837, 
7.337,31.0999,-87.712,63.2837, 
7.491,31.0999,-87.712,63.2837, 
7.493,31.0999,-87.712,63.2837, 
7.652,31.0999,-87.712,63.2837, 
7.655,31.0999,-87.712,63.2837, 
7.811,31.0999,-87.712,63.2837, 
7.813,31.0999,-87.712,63.2837, 
7.973,31.0999,-87.712,63.2837, 
7.976,31.0999,-87.712,63.2837, 
8.128,31.0999,-87.712,63.2837, 
8.13,31.0999,-87.712,63.2837, 
8.291,31.0999,-87.712,63.2837, 
8.293,31.0999,-87.712,63.2837, 
8.448,31.0999,-87.712,63.2837, 
8.45,31.0999,-87.712,63.2837, 
8.61,31.0999,-87.712,63.2837, 
8.612,31.0999,-87.712,63.2837, 
8.767,31.0999,-87.712,63.2837, 
8.769,31.0999,-87.712,63.2837, 
8.928,31.0999,-87.712,63.2837, 
9.087,31.0999,-87.712,63.2837, 
9.09,31.0999,-87.712,63.2837, 
9.248,31.0999,-87.712,63.2837, 
9.25,31.0999,-87.712,63.2837, 
9.407,31.0999,-87.712,63.2837, 
9.409,31.0999,-87.712,63.2837, 
9.568,31.0999,-87.712,63.2837, 
9.57,31.0999,-87.712,63.2837, 
9.726,31.0999,-87.712,63.2837, 
9.728,31.0999,-87.712,63.2837, 
9.886,31.0999,-87.712,63.2837, 
9.889,31.0999,-87.712,63.2837, 
10.046,31.0999,-87.712,63.2837, 
10.049,31.0999,-87.712,63.2837, 
10.201,31.0999,-87.712,63.2837, 
10.203,31.0999,-87.712,63.2837, 
10.361,31.0999,-87.712,63.2837, 
10.363,31.0999,-87.712,63.2837, 
10.524,31.0999,-87.712,63.2837, 
10.526,31.0999,-87.712,63.2837, 
10.683,31.0999,-87.712,63.2837, 
10.686,31.0999,-87.712,63.2837, 
10.842,31.0999,-87.712,63.2837, 
10.845,31.0999,-87.712,63.2837, 
10.999,31.0999,-87.712,63.2837, 
11.002,31.0999,-87.712,63.2837, 
11.162,31.0999,-87.712,63.2837, 
11.165,31.0999,-87.712,63.2837, 
11.32,31.0999,-87.712,63.2837, 
11.322,31.0999,-87.712,63.2837, 
11.482,31.0999,-87.712,63.2837, 
11.485,31.0999,-87.712,63.2837, 
11.637,31.0999,-87.712,63.2837, 
11.639,31.0999,-87.712,63.2837, 
11.799,31.0999,-87.712,63.2837, 
11.802,31.0999,-87.712,63.2837, 
11.96,31.0999,-87.712,63.2837, 
11.963,31.0999,-87.712,63.2837, 
12.117,31.0999,-87.712,63.2837, 
12.12,31.0999,-87.712,63.2837, 
12.278,31.0999,-87.712,63.2837, 
12.28,31.0999,-87.712,63.2837, 
12.435,31.0999,-87.712,63.2837, 
12.437,31.0999,-87.712,63.2837, 
12.597,31.0999,-87.712,63.2837, 
12.6,31.0999,-87.712,63.2837, 
12.756,31.0999,-87.712,63.2837, 
12.758,31.0999,-87.712,63.2837, 
12.915,31.0999,-87.712,63.2837, 
12.918,31.0999,-87.712,63.2837, 
13.076,31.0999,-87.712,63.2837, 
13.079,31.0999,-87.712,63.2837, 
13.236,31.0999,-87.712,63.2837, 
13.393,31.0999,-87.712,63.2837, 
13.395,31.0999,-87.712,63.2837, 
13.552,31.0999,-87.712,63.2837, 
13.555,31.0999,-87.712,63.2837, 
13.714,31.0999,-87.712,63.2837, 
13.717,31.0999,-87.712,63.2837, 
13.871,31.0999,-87.712,63.2837, 
13.873,31.0999,-87.712,63.2837, 
14.031,31.0999,-87.712,63.2837, 
14.034,31.0999,-87.712,63.2837, 
14.189,31.0999,-87.712,63.2837, 
14.191,31.0999,-87.712,63.2837, 
14.348,31.0999,-87.712,63.2837, 
14.351,31.0999,-87.712,63.2837, 
14.508,31.0999,-87.712,63.2837, 
14.511,31.0999,-87.712,63.2837, 
14.67,31.0999,-87.712,63.2837, 
14.673,31.0999,-87.712,63.2837, 
14.828,31.0999,-87.712,63.2837, 
14.829,31.0999,-87.712,63.2837, 
14.99,31.0999,-87.712,63.2837, 
15.18,31.0999,-87.712,63.2837, 
15.309,31.0999,-87.712,63.2837, 
15.311,31.0999,-87.712,63.2837, 
15.467,31.0999,-87.712,63.2837, 
15.625,31.0999,-87.712,63.2837, 
15.787,31.0999,-87.712,63.2837, 
15.789,31.0999,-87.712,63.2837, 
15.948,31.0999,-87.712,63.2837, 
15.95,31.0999,-87.712,63.2837, 
16.107,31.1225,-86.0891,63.5765, 
16.109,31.1225,-86.0891,63.5765, 
16.262,31.1225,-86.0891,63.5765, 
16.264,31.1225,-86.0891,63.5765, 
16.422,31.0999,-87.712,63.2837, 
16.425,31.0999,-87.712,63.2837, 
16.582,31.0999,-87.712,63.2837, 
16.585,31.0999,-87.712,63.2837, 
16.744,31.0999,-87.712,63.2837, 
16.747,31.0999,-87.712,63.2837, 
16.904,31.0999,-87.712,63.2837, 
16.907,31.0999,-87.712,63.2837, 
17.06,31.0999,-87.712,63.2837, 
17.223,31.0999,-87.712,63.2837, 
17.381,31.0999,-87.712,63.2837, 
17.383,31.0999,-87.712,63.2837, 
17.541,31.0999,-87.712,63.2837, 
17.544,31.0999,-87.712,63.2837, 
17.701,31.0999,-87.712,63.2837, 
17.704,31.0999,-87.712,63.2837, 
17.86,31.0999,-87.712,63.2837, 
17.862,31.0999,-87.712,63.2837, 
18.021,31.0999,-87.712,63.2837, 
18.024,31.0999,-87.712,63.2837, 
18.181,31.0999,-87.712,63.2837, 
18.184,31.0999,-87.712,63.2837, 
18.337,31.0999,-87.712,63.2837, 
18.339,31.0999,-87.712,63.2837, 
18.497,31.0999,-87.712,63.2837, 
18.499,31.0999,-87.712,63.2837, 
18.656,31.0999,-87.712,63.2837, 
18.659,31.0999,-87.712,63.2837, 
18.816,31.0999,-87.712,63.2837, 
18.818,31.0999,-87.712,63.2837, 
18.975,31.0999,-87.712,63.2837, 
18.978,31.0999,-87.712,63.2837, 
19.136,31.0999,-87.712,63.2837, 
19.139,31.0999,-87.712,63.2837, 
19.294,31.0999,-87.712,63.2837, 
19.297,31.0999,-87.712,63.2837, 
19.453,31.0999,-87.712,63.2837, 
19.456,31.0999,-87.712,63.2837, 
19.615,31.0999,-87.712,63.2837, 
19.618,31.0999,-87.712,63.2837, 
19.775,31.0999,-87.712,63.2837, 
19.777,31.0999,-87.712,63.2837, 
19.932,31.0999,-87.712,63.2837, 
19.934,31.0999,-87.712,63.2837, 
20.095,31.0999,-87.712,63.2837, 
20.098,31.0999,-87.712,63.2837, 
20.253,31.0999,-87.712,63.2837, 
20.255,31.0999,-87.712,63.2837, 
20.41,31.0999,-87.712,63.2837, 
20.412,31.0999,-87.712,63.2837, 
20.573,31.0999,-87.712,63.2837, 
20.576,31.0999,-87.712,63.2837, 
20.733,31.0999,-87.712,63.2837, 
20.736,31.0999,-87.712,63.2837, 
20.888,31.0999,-87.712,63.2837, 
20.891,31.0999,-87.712,63.2837, 
21.048,31.0999,-87.712,63.2837, 
21.05,31.0999,-87.712,63.2837, 
21.206,31.0999,-87.712,63.2837, 
21.37,31.0999,-87.712,63.2837, 
21.372,31.0999,-87.712,63.2837, 
21.526,31.0999,-87.712,63.2837, 
21.528,31.0999,-87.712,63.2837, 
21.684,31.0999,-87.712,63.2837, 
21.686,31.0999,-87.712,63.2837, 
21.847,31.0999,-87.712,63.2837, 
21.849,31.0999,-87.712,63.2837, 
22.006,31.0999,-87.712,63.2837, 
22.166,31.0999,-87.712,63.2837, 
22.168,31.0999,-87.712,63.2837, 
22.326,31.0999,-87.712,63.2837, 
22.328,31.0999,-87.712,63.2837, 
22.487,31.0999,-87.712,63.2837, 
22.644,31.0999,-87.712,63.2837, 
22.803,31.0999,-87.712,63.2837, 
22.806,31.0999,-87.712,63.2837, 
22.965,31.1225,-86.0891,63.5765, 
23.121,31.0999,-87.712,63.2837, 
23.281,31.0999,-87.712,63.2837, 
23.284,31.0999,-87.712,63.2837, 
23.443,31.0999,-87.712,63.2837, 
23.445,31.0999,-87.712,63.2837, 
23.602,31.0999,-87.712,63.2837, 
23.604,31.0999,-87.712,63.2837, 
23.762,31.0999,-87.712,63.2837, 
23.767,31.0999,-87.712,63.2837, 
23.92,31.0999,-87.712,63.2837, 
23.922,31.0999,-87.712,63.2837, 
24.079,31.0999,-87.712,63.2837, 
24.081,31.0999,-87.712,63.2837, 
24.24,31.0999,-87.712,63.2837, 
24.243,31.0999,-87.712,63.2837, 
24.4,31.0999,-87.712,63.2837, 
24.557,31.0999,-87.712,63.2837, 
24.717,31.0999,-87.712,63.2837, 
24.88,31.0999,-87.712,63.2837, 
24.882,31.0999,-87.712,63.2837, 
25.038,31.0999,-87.712,63.2837, 
25.041,31.0999,-87.712,63.2837, 
25.198,31.0999,-87.712,63.2837, 
25.2,31.0999,-87.712,63.2837, 
25.355,31.0999,-87.712,63.2837, 
25.516,31.0999,-87.712,63.2837, 
25.518,31.0999,-87.712,63.2837, 
25.676,31.0999,-87.712,63.2837, 
25.833,31.0999,-87.712,63.2837, 
25.992,31.0999,-87.712,63.2837, 
25.994,31.0999,-87.712,63.2837, 
26.155,31.0999,-87.712,63.2837, 
26.315,31.0999,-87.712,63.2837, 
26.47,31.0999,-87.712,63.2837, 
26.633,31.0999,-87.712,63.2837, 
26.635,31.0999,-87.712,63.2837, 
26.792,31.0999,-87.712,63.2837, 
26.952,31.0999,-87.712,63.2837, 
27.152,31.0999,-87.712,63.2837, 
27.267,31.0999,-87.712,63.2837, 
27.427,31.0999,-87.712,63.2837, 
27.588,31.0999,-87.712,63.2837, 
27.747,31.0999,-87.712,63.2837, 
27.906,31.0999,-87.712,63.2837, 
28.066,31.0999,-87.712,63.2837, 
28.068,31.0999,-87.712,63.2837, 
28.228,31.0999,-87.712,63.2837, 
28.389,31.0999,-87.712,63.2837, 
28.392,31.0999,-87.712,63.2837, 
28.549,31.0999,-87.712,63.2837, 
28.551,31.0999,-87.712,63.2837, 
28.705,31.0999,-87.712,63.2837, 
28.708,31.0999,-87.712,63.2837, 
28.868,31.0999,-87.712,63.2837, 
28.87,31.0999,-87.712,63.2837, 
29.033,31.0999,-87.712,63.2837, 
29.184,31.0999,-87.712,63.2837, 
29.341,31.0999,-87.712,63.2837, 
29.344,31.0999,-87.712,63.2837, 
29.5,31.0999,-87.712,63.2837, 
29.951,32.2718,-87.712,63.2837, 
29.953,32.2718,-87.712,63.2837, 
30.111,31.0999,-87.712,63.2837, 
30.113,31.0999,-87.712,63.2837, 
30.273,31.0999,-87.712,63.2837, 
30.275,31.0999,-87.712,63.2837, 
30.434,31.0999,-87.712,63.2837, 
30.436,31.0999,-87.712,63.2837, 
30.589,31.0999,-87.712,63.2837, 
30.591,31.0999,-87.712,63.2837, 
30.747,31.0999,-87.712,63.2837, 
30.75,31.0999,-87.712,63.2837, 
30.911,31.0999,-87.712,63.2837, 
30.913,31.0999,-87.712,63.2837, 
31.068,31.0999,-87.712,63.2837, 
31.07,31.0999,-87.712,63.2837, 
31.227,31.0999,-87.712,63.2837, 
31.231,31.0999,-87.712,63.2837, 
31.385,31.0999,-87.712,63.2837, 
31.388,31.0999,-87.712,63.2837, 
31.549,31.0999,-87.712,63.2837, 
31.705,31.0999,-87.712,63.2837, 
31.707,31.0999,-87.712,63.2837, 
31.866,31.0999,-87.712,63.2837, 
32.026,31.0999,-87.712,63.2837, 
32.028,31.0999,-87.712,63.2837, 
32.187,31.0999,-87.712,63.2837, 
32.19,31.0999,-87.712,63.2837, 
32.343,31.0999,-87.712,63.2837, 
32.346,31.0999,-87.712,63.2837, 
32.502,31.0999,-87.712,63.2837, 
32.504,31.0999,-87.712,63.2837, 
32.664,31.0999,-87.712,63.2837, 
32.666,31.0999,-87.712,63.2837, 
32.821,31.0999,-87.712,63.2837, 
32.826,31.0999,-87.712,63.2837, 
32.983,31.0999,-87.712,63.2837, 
32.984,31.0999,-87.712,63.2837, 
33.141,31.0999,-87.712,63.2837, 
33.144,31.0999,-87.712,63.2837, 
33.302,31.0999,-87.712,63.2837, 
33.304,31.0999,-87.712,63.2837, 
33.459,31.0999,-87.712,63.2837, 
33.461,31.0999,-87.712,63.2837, 
33.618,31.0999,-87.712,63.2837, 
33.622,31.0999,-87.712,63.2837, 
33.781,31.0999,-87.712,63.2837, 
33.783,31.0999,-87.712,63.2837, 
33.936,31.0999,-87.712,63.2837, 
34.096,31.0999,-87.712,63.2837, 
34.099,31.0999,-87.712,63.2837, 
34.258,31.0999,-87.712,63.2837, 
34.26,31.0999,-87.712,63.2837, 
34.419,31.0999,-87.712,63.2837, 
34.422,31.0999,-87.712,63.2837, 
34.579,31.0999,-87.712,63.2837, 
34.581,31.0999,-87.712,63.2837, 
34.736,31.0999,-87.712,63.2837, 
34.738,31.0999,-87.712,63.2837, 
34.895,31.0999,-87.712,63.2837, 
34.898,31.0999,-87.712,63.2837, 
35.056,31.0999,-87.712,63.2837, 
35.058,31.0999,-87.712,63.2837, 
35.217,31.0999,-87.712,63.2837, 
35.219,31.0999,-87.712,63.2837, 
35.373,31.0999,-87.712,63.2837, 
35.376,31.0999,-87.712,63.2837, 
35.537,31.0999,-87.712,63.2837, 
35.54,31.0999,-87.712,63.2837, 
35.692,31.0999,-87.712,63.2837, 
35.695,31.0999,-87.712,63.2837, 
35.855,31.0999,-87.712,63.2837, 
35.857,31.0999,-87.712,63.2837, 
36.011,31.0999,-87.712,63.2837, 
36.013,31.0999,-87.712,63.2837, 
36.174,31.0999,-87.712,63.2837, 
36.177,31.0999,-87.712,63.2837, 
36.332,31.0999,-87.712,63.2837, 
36.334,31.0999,-87.712,63.2837, 
36.493,31.0999,-87.712,63.2837, 
36.495,31.0999,-87.712,63.2837, 
36.649,31.0999,-87.712,63.2837, 
36.808,31.0999,-87.712,63.2837, 
36.969,31.0999,-87.712,63.2837, 
36.971,31.0999,-87.712,63.2837, 
37.131,31.0999,-87.712,63.2837, 
37.134,31.0999,-87.712,63.2837, 
37.288,31.0999,-87.712,63.2837, 
37.29,31.0999,-87.712,63.2837, 
37.448,31.0999,-87.712,63.2837, 
37.451,31.0999,-87.712,63.2837, 
37.607,31.0999,-87.712,63.2837, 
37.609,31.0999,-87.712,63.2837, 
37.802,31.0999,-87.712,63.2837, 
37.935,31.0999,-87.712,63.2837, 
37.937,31.0999,-87.712,63.2837, 
38.094,31.1225,-86.0891,63.5765, 
38.247,31.0999,-87.712,63.2837, 
38.404,31.0999,-87.712,63.2837, 
38.587,31.0999,-87.712,63.2837, 
38.74,31.0999,-87.712,63.2837, 
38.742,31.0999,-87.712,63.2837, 
38.882,31.0999,-87.712,63.2837, 
39.056,31.0999,-87.712,63.2837, 
39.057,31.0999,-87.712,63.2837, 
39.22,31.0999,-87.712,63.2837, 
39.363,31.0999,-87.712,63.2837, 
39.522,31.0999,-87.712,63.2837, 
39.681,31.0999,-87.712,63.2837, 
39.867,31.1225,-86.0891,63.5765, 
40,31.0999,-87.712,63.2837, 
40.16,31.0999,-87.712,63.2837, 
40.319,31.0999,-87.712,63.2837, 
40.486,31.0999,-87.712,63.2837, 
40.488,31.0999,-87.712,63.2837, 
40.638,31.0999,-87.712,63.2837, 
40.64,31.0999,-87.712,63.2837, 
40.798,31.0999,-87.712,63.2837, 
40.801,31.0999,-87.712,63.2837, 
40.973,31.0999,-87.712,63.2837, 
41.117,31.0999,-87.712,63.2837, 
41.119,31.0999,-87.712,63.2837, 
41.276,31.0999,-87.712,63.2837, 
41.435,31.0999,-87.712,63.2837, 
41.437,31.0999,-87.712,63.2837, 
41.596,31.0999,-87.712,63.2837, 
41.597,31.0999,-87.712,63.2837, 
41.788,31.0999,-87.712,63.2837, 
41.789,31.0999,-87.712,63.2837, 
41.911,31.0999,-87.712,63.2837, 
41.913,31.0999,-87.712,63.2837, 
42.072,31.0999,-87.712,63.2837, 
42.232,31.0999,-87.712,63.2837, 
42.391,31.0999,-87.712,63.2837, 
42.392,31.0999,-87.712,63.2837, 
42.583,31.0999,-87.712,63.2837, 
42.584,31.0999,-87.712,63.2837, 
42.709,31.1225,-86.0891,63.5765, 
42.711,31.1225,-86.0891,63.5765, 
42.871,31.0999,-87.712,63.2837, 
42.873,31.0999,-87.712,63.2837, 
43.028,31.0999,-87.712,63.2837, 
43.03,31.0999,-87.712,63.2837, 
43.191,31.0999,-87.712,63.2837, 
43.193,31.0999,-87.712,63.2837, 
43.352,31.0999,-87.712,63.2837, 
43.355,31.0999,-87.712,63.2837, 
43.51,31.0999,-87.712,63.2837, 
43.511,31.0999,-87.712,63.2837, 
43.67,31.0999,-87.712,63.2837, 
43.673,31.0999,-87.712,63.2837, 
43.827,31.0999,-87.712,63.2837, 
43.829,31.0999,-87.712,63.2837, 
43.988,31.0999,-87.712,63.2837, 
43.99,31.0999,-87.712,63.2837, 
44.149,31.0999,-87.712,63.2837, 
44.152,31.0999,-87.712,63.2837, 
44.306,31.0999,-87.712,63.2837, 
44.309,31.0999,-87.712,63.2837, 
44.468,31.0999,-87.712,63.2837, 
44.47,31.0999,-87.712,63.2837, 
44.626,31.0999,-87.712,63.2837, 
44.629,31.0999,-87.712,63.2837, 
44.783,31.0999,-87.712,63.2837, 
44.785,31.0999,-87.712,63.2837, 
44.945,31.0999,-87.712,63.2837, 
44.948,31.0999,-87.712,63.2837, 
45.105,31.0999,-87.712,63.2837, 
45.108,31.0999,-87.712,63.2837, 
45.263,31.0999,-87.712,63.2837, 
45.265,31.0999,-87.712,63.2837, 
45.425,31.0999,-87.712,63.2837, 
45.428,31.0999,-87.712,63.2837, 
45.585,31.0999,-87.712,63.2837, 
45.588,31.0999,-87.712,63.2837, 
45.743,31.0999,-87.712,63.2837, 
45.745,31.0999,-87.712,63.2837, 
45.9,31.0999,-87.712,63.2837, 
45.902,31.0999,-87.712,63.2837, 
46.059,31.0999,-87.712,63.2837, 
46.062,31.0999,-87.712,63.2837, 
46.22,31.0999,-87.712,63.2837, 
46.223,31.0999,-87.712,63.2837, 
46.379,31.0999,-87.712,63.2837, 
46.381,31.0999,-87.712,63.2837, 
46.541,31.0999,-87.712,63.2837, 
46.544,31.0999,-87.712,63.2837, 
46.701,31.0999,-87.712,63.2837, 
46.704,31.0999,-87.712,63.2837, 
46.859,31.0999,-87.712,63.2837, 
46.861,31.0999,-87.712,63.2837, 
47.021,31.0999,-87.712,63.2837, 
47.023,31.0999,-87.712,63.2837, 
47.176,31.0999,-87.712,63.2837, 
47.178,31.0999,-87.712,63.2837, 
47.339,31.0999,-87.712,63.2837, 
47.341,31.0999,-87.712,63.2837, 
47.496,31.0999,-87.712,63.2837, 
47.498,31.0999,-87.712,63.2837, 
47.654,31.0999,-87.712,63.2837, 
47.657,31.0999,-87.712,63.2837, 
47.816,31.0999,-87.712,63.2837, 
47.819,31.0999,-87.712,63.2837, 
47.975,31.0999,-87.712,63.2837, 
47.977,31.0999,-87.712,63.2837, 
48.135,31.0999,-87.712,63.2837, 
48.136,31.0999,-87.712,63.2837, 
48.295,31.0999,-87.712,63.2837, 
48.297,31.0999,-87.712,63.2837, 
48.454,31.0999,-87.712,63.2837, 
48.456,31.0999,-87.712,63.2837, 
48.611,31.0999,-87.712,63.2837, 
48.614,31.0999,-87.712,63.2837, 
48.773,31.0999,-87.712,63.2837, 
48.776,31.0999,-87.712,63.2837, 
48.933,31.0999,-87.712,63.2837, 
48.935,31.0999,-87.712,63.2837, 
49.093,31.0999,-87.712,63.2837, 
49.095,31.0999,-87.712,63.2837, 
49.249,31.0999,-87.712,63.2837, 
49.252,31.0999,-87.712,63.2837, 
49.411,31.0999,-87.712,63.2837, 
49.413,31.0999,-87.712,63.2837, 
49.57,31.0999,-87.712,63.2837, 
49.572,31.0999,-87.712,63.2837, 
49.732,31.0999,-87.712,63.2837, 
49.735,31.0999,-87.712,63.2837, 
49.891,31.0999,-87.712,63.2837, 
49.892,31.0999,-87.712,63.2837, 
50.047,31.0999,-87.712,63.2837, 
50.049,31.0999,-87.712,63.2837, 
50.211,31.0999,-87.712,63.2837, 
50.213,31.0999,-87.712,63.2837, 
50.367,31.0999,-87.712,63.2837, 
50.37,31.0999,-87.712,63.2837, 
50.528,31.0999,-87.712,63.2837, 
50.531,31.0999,-87.712,63.2837, 
50.685,31.0999,-87.712,63.2837, 
50.687,31.0999,-87.712,63.2837, 
50.845,31.0999,-87.712,63.2837, 
50.848,31.0999,-87.712,63.2837, 
51.006,31.0999,-87.712,63.2837, 
51.167,31.1225,-86.0891,63.5765, 
51.169,31.1225,-86.0891,63.5765, 
51.324,31.0999,-87.712,63.2837, 
51.326,31.0999,-87.712,63.2837, 
51.484,31.0999,-87.712,63.2837, 
51.486,31.0999,-87.712,63.2837, 
51.645,31.0999,-87.712,63.2837, 
51.648,31.0999,-87.712,63.2837, 
51.805,31.0999,-87.712,63.2837, 
51.808,31.0999,-87.712,63.2837, 
51.964,31.0999,-87.712,63.2837, 
51.966,31.0999,-87.712,63.2837, 
52.122,31.0999,-87.712,63.2837, 
52.125,31.0999,-87.712,63.2837, 
52.281,31.0999,-87.712,63.2837, 
52.284,31.0999,-87.712,63.2837, 
52.439,31.0999,-87.712,63.2837, 
52.441,31.0999,-87.712,63.2837, 
52.6,31.0999,-87.712,63.2837, 
52.602,31.0999,-87.712,63.2837, 
52.761,31.1225,-86.0891,63.5765, 
52.763,31.1225,-86.0891,63.5765, 
52.919,31.0999,-87.712,63.2837, 
52.921,31.0999,-87.712,63.2837, 
53.081,31.0999,-87.712,63.2837, 
53.084,31.0999,-87.712,63.2837, 
53.241,31.0999,-87.712,63.2837, 
53.244,31.0999,-87.712,63.2837, 
53.399,31.0999,-87.712,63.2837, 
53.401,31.0999,-87.712,63.2837, 
53.556,31.0999,-87.712,63.2837, 
53.558,31.0999,-87.712,63.2837, 
53.716,31.0999,-87.712,63.2837, 
53.718,31.0999,-87.712,63.2837, 
53.877,31.0999,-87.712,63.2837, 
53.879,31.0999,-87.712,63.2837, 
54.035,31.0999,-87.712,63.2837, 
54.037,31.0999,-87.712,63.2837, 
54.197,31.0999,-87.712,63.2837, 
54.199,31.0999,-87.712,63.2837, 
54.357,31.0999,-87.712,63.2837, 
54.359,31.0999,-87.712,63.2837, 
54.517,31.0999,-87.712,63.2837, 
54.52,31.0999,-87.712,63.2837, 
54.672,31.0999,-87.712,63.2837, 
54.674,31.0999,-87.712,63.2837, 
54.836,31.0999,-87.712,63.2837, 
54.839,31.0999,-87.712,63.2837, 
54.995,31.0999,-87.712,63.2837, 
54.997,31.0999,-87.712,63.2837, 
55.152,31.0999,-87.712,63.2837, 
55.154,31.0999,-87.712,63.2837, 
55.311,31.0999,-87.712,63.2837, 
55.314,31.0999,-87.712,63.2837, 
55.47,31.0999,-87.712,63.2837, 
55.472,31.0999,-87.712,63.2837, 
55.631,31.0999,-87.712,63.2837, 
55.794,31.0999,-87.712,63.2837, 
55.796,31.0999,-87.712,63.2837, 
55.95,31.0999,-87.712,63.2837, 
55.953,31.0999,-87.712,63.2837, 
56.112,31.0999,-87.712,63.2837, 
56.114,31.0999,-87.712,63.2837, 
56.267,31.0999,-87.712,63.2837, 
56.27,31.0999,-87.712,63.2837, 
56.43,31.0999,-87.712,63.2837, 
56.432,31.0999,-87.712,63.2837, 
56.587,31.0999,-87.712,63.2837, 
56.59,31.0999,-87.712,63.2837, 
56.749,31.0999,-87.712,63.2837, 
56.751,31.0999,-87.712,63.2837, 
56.908,31.0999,-87.712,63.2837, 
56.91,31.0999,-87.712,63.2837, 
57.068,31.1225,-86.0891,63.5765, 
57.07,31.1225,-86.0891,63.5765, 
57.225,31.0999,-87.712,63.2837, 
57.227,31.0999,-87.712,63.2837, 
57.388,31.0999,-87.712,63.2837, 
57.39,31.0999,-87.712,63.2837, 
57.546,31.0999,-87.712,63.2837, 
57.549,31.0999,-87.712,63.2837, 
57.703,31.0999,-87.712,63.2837, 
57.706,31.0999,-87.712,63.2837, 
57.864,31.0999,-87.712,63.2837, 
57.866,31.0999,-87.712,63.2837, 
58.025,31.1225,-86.0891,63.5765, 
58.028,31.1225,-86.0891,63.5765, 
58.183,31.0999,-87.712,63.2837, 
58.186,31.0999,-87.712,63.2837, 
58.345,31.0999,-87.712,63.2837, 
58.347,31.0999,-87.712,63.2837, 
58.501,31.0999,-87.712,63.2837, 
58.502,31.0999,-87.712,63.2837, 
58.663,31.0999,-87.712,63.2837, 
58.666,31.0999,-87.712,63.2837, 
58.819,31.0999,-87.712,63.2837, 
58.822,31.0999,-87.712,63.2837, 
58.983,31.0999,-87.712,63.2837, 
58.985,31.0999,-87.712,63.2837, 
59.139,31.0999,-87.712,63.2837, 
59.142,31.0999,-87.712,63.2837, 
59.3,31.0999,-87.712,63.2837, 
59.303,31.0999,-87.712,63.2837, 
59.459,31.0999,-87.712,63.2837, 
59.461,31.0999,-87.712,63.2837, 
59.621,31.0999,-87.712,63.2837, 
59.623,31.0999,-87.712,63.2837, 
59.781,31.0999,-87.712,63.2837, 
59.783,31.0999,-87.712,63.2837, 
59.937,31.0999,-87.712,63.2837, 
59.939,31.0999,-87.712,63.2837, 
60.097,31.0999,-87.712,63.2837, 
60.1,31.0999,-87.712,63.2837, 
60.259,31.0999,-87.712,63.2837, 
60.261,31.0999,-87.712,63.2837, 
60.418,31.0999,-87.712,63.2837, 
60.42,31.0999,-87.712,63.2837, 
60.575,31.0999,-87.712,63.2837, 
60.577,31.0999,-87.712,63.2837, 
60.737,31.1225,-86.0891,63.5765, 
60.74,31.1225,-86.0891,63.5765, 
60.897,31.0999,-87.712,63.2837, 
60.9,31.0999,-87.712,63.2837, 
61.055,31.0999,-87.712,63.2837, 
61.057,31.0999,-87.712,63.2837, 
61.212,31.0999,-87.712,63.2837, 
61.214,31.0999,-87.712,63.2837, 
61.371,31.0999,-87.712,63.2837, 
61.374,31.0999,-87.712,63.2837, 
61.532,31.0999,-87.712,63.2837, 
61.535,31.0999,-87.712,63.2837, 
61.691,31.1225,-86.0891,63.5765, 
61.693,31.1225,-86.0891,63.5765, 
62.143,32.2718,-87.712,63.2837, 
62.145,32.2718,-87.712,63.2837, 
62.302,31.0999,-87.712,63.2837, 
62.304,31.0999,-87.712,63.2837, 
62.458,31.0999,-87.712,63.2837, 
62.459,31.0999,-87.712,63.2837, 
62.618,31.0999,-87.712,63.2837, 
62.62,31.0999,-87.712,63.2837, 
62.779,31.0999,-87.712,63.2837, 
62.782,31.0999,-87.712,63.2837, 
62.939,31.0999,-87.712,63.2837, 
62.941,31.0999,-87.712,63.2837, 
63.095,31.0999,-87.712,63.2837, 
63.097,31.0999,-87.712,63.2837, 
63.257,31.0999,-87.712,63.2837, 
63.26,31.0999,-87.712,63.2837, 
63.417,31.0999,-87.712,63.2837, 
63.42,31.0999,-87.712,63.2837, 
63.577,31.1225,-86.0891,63.5765, 
63.58,31.1225,-86.0891,63.5765, 
63.734,31.0999,-87.712,63.2837, 
63.736,31.0999,-87.712,63.2837, 
63.895,31.0999,-87.712,63.2837, 
63.898,31.0999,-87.712,63.2837, 
64.054,31.0999,-87.712,63.2837, 
64.056,31.0999,-87.712,63.2837, 
64.216,31.0999,-87.712,63.2837, 
64.218,31.0999,-87.712,63.2837, 
64.375,31.0999,-87.712,63.2837, 
64.377,31.0999,-87.712,63.2837, 
64.534,31.0999,-87.712,63.2837, 
64.536,31.0999,-87.712,63.2837, 
64.691,31.1225,-86.0891,63.5765, 
64.693,31.1225,-86.0891,63.5765, 
64.853,31.0999,-87.712,63.2837, 
64.856,31.0999,-87.712,63.2837, 
65.013,31.0999,-87.712,63.2837, 
65.016,31.0999,-87.712,63.2837, 
65.171,31.1225,-86.0891,63.5765, 
65.173,31.1225,-86.0891,63.5765, 
65.333,31.0999,-87.712,63.2837, 
65.336,31.0999,-87.712,63.2837, 
65.488,31.0999,-87.712,63.2837, 
65.49,31.0999,-87.712,63.2837, 
65.651,31.1225,-86.0891,63.5765, 
65.653,31.1225,-86.0891,63.5765, 
65.808,31.0999,-87.712,63.2837, 
65.81,31.0999,-87.712,63.2837, 
65.968,31.0999,-87.712,63.2837, 
65.97,31.0999,-87.712,63.2837, 
66.126,31.0999,-87.712,63.2837, 
66.129,31.0999,-87.712,63.2837, 
66.285,31.0999,-87.712,63.2837, 
66.288,31.0999,-87.712,63.2837, 
66.446,31.1225,-86.0891,63.5765, 
66.448,31.1225,-86.0891,63.5765, 
66.607,31.0999,-87.712,63.2837, 
66.61,31.0999,-87.712,63.2837, 
66.766,31.0999,-87.712,63.2837, 
66.769,31.0999,-87.712,63.2837, 
66.923,31.0999,-87.712,63.2837, 
66.925,31.0999,-87.712,63.2837, 
67.085,31.0999,-87.712,63.2837, 
67.087,31.0999,-87.712,63.2837, 
67.244,31.0999,-87.712,63.2837, 
67.246,31.0999,-87.712,63.2837, 
67.407,31.1225,-86.0891,63.5765, 
67.409,31.1225,-86.0891,63.5765, 
67.563,31.0999,-87.712,63.2837, 
67.565,31.0999,-87.712,63.2837, 
67.724,31.0999,-87.712,63.2837, 
67.727,31.0999,-87.712,63.2837, 
67.883,31.0999,-87.712,63.2837, 
67.885,31.0999,-87.712,63.2837, 
68.04,31.0999,-87.712,63.2837, 
68.042,31.0999,-87.712,63.2837, 
68.203,31.0999,-87.712,63.2837, 
68.205,31.0999,-87.712,63.2837, 
68.361,31.0999,-87.712,63.2837, 
68.364,31.0999,-87.712,63.2837, 
68.518,31.1225,-86.0891,63.5765, 
68.679,31.0999,-87.712,63.2837, 
68.682,31.0999,-87.712,63.2837, 
68.84,31.0999,-87.712,63.2837, 
68.843,31.0999,-87.712,63.2837, 
69.002,31.0999,-87.712,63.2837, 
69.004,31.0999,-87.712,63.2837, 
69.16,31.0999,-87.712,63.2837, 
69.162,31.0999,-87.712,63.2837, 
69.319,31.0999,-87.712,63.2837, 
69.321,31.0999,-87.712,63.2837, 
69.478,31.0999,-87.712,63.2837, 
69.481,31.0999,-87.712,63.2837, 
69.635,31.0999,-87.712,63.2837, 
69.637,31.0999,-87.712,63.2837, 
69.797,31.0999,-87.712,63.2837, 
69.8,31.0999,-87.712,63.2837, 
69.957,31.0999,-87.712,63.2837, 
69.96,31.0999,-87.712,63.2837, 
70.115,31.0999,-87.712,63.2837, 
70.117,31.0999,-87.712,63.2837, 
70.277,31.0999,-87.712,63.2837, 
70.279,31.0999,-87.712,63.2837, 
70.437,31.0999,-87.712,63.2837, 
70.44,31.0999,-87.712,63.2837, 
70.592,31.0999,-87.712,63.2837, 
70.595,31.0999,-87.712,63.2837, 
70.756,31.0999,-87.712,63.2837, 
70.758,31.0999,-87.712,63.2837, 
70.915,31.0999,-87.712,63.2837, 
70.918,31.0999,-87.712,63.2837, 
71.072,31.0999,-87.712,63.2837, 
71.074,31.0999,-87.712,63.2837, 
71.231,31.0999,-87.712,63.2837, 
71.233,31.0999,-87.712,63.2837, 
71.393,31.0999,-87.712,63.2837, 
71.395,31.0999,-87.712,63.2837, 
71.553,31.0999,-87.712,63.2837, 
71.556,31.0999,-87.712,63.2837, 
71.708,31.0999,-87.712,63.2837, 
71.711,31.0999,-87.712,63.2837, 
71.872,31.0999,-87.712,63.2837, 
71.875,31.0999,-87.712,63.2837, 
72.028,31.0999,-87.712,63.2837, 
72.03,31.0999,-87.712,63.2837, 
72.191,31.0999,-87.712,63.2837, 
72.194,31.0999,-87.712,63.2837, 
72.347,31.0999,-87.712,63.2837, 
72.349,31.0999,-87.712,63.2837, 
72.509,31.0999,-87.712,63.2837, 
72.511,31.0999,-87.712,63.2837, 
72.668,31.0999,-87.712,63.2837, 
72.67,31.0999,-87.712,63.2837, 
72.826,31.0999,-87.712,63.2837, 
72.829,31.0999,-87.712,63.2837, 
72.988,31.0999,-87.712,63.2837, 
72.99,31.0999,-87.712,63.2837, 
73.144,31.0999,-87.712,63.2837, 
73.146,31.0999,-87.712,63.2837, 
73.307,31.0999,-87.712,63.2837, 
73.309,31.0999,-87.712,63.2837, 
73.464,31.0999,-87.712,63.2837, 
73.466,31.0999,-87.712,63.2837, 
73.623,31.0999,-87.712,63.2837, 
73.625,31.0999,-87.712,63.2837, 
73.784,31.0999,-87.712,63.2837, 
73.786,31.0999,-87.712,63.2837, 
73.942,31.0999,-87.712,63.2837, 
73.945,31.0999,-87.712,63.2837, 
74.105,31.0999,-87.712,63.2837, 
74.107,31.0999,-87.712,63.2837, 
74.262,31.0999,-87.712,63.2837, 
74.265,31.0999,-87.712,63.2837, 
74.421,31.0999,-87.712,63.2837, 
74.424,31.0999,-87.712,63.2837, 
74.583,31.0999,-87.712,63.2837, 
74.739,31.0999,-87.712,63.2837, 
74.742,31.0999,-87.712,63.2837, 
74.9,31.0999,-87.712,63.2837, 
74.903,31.0999,-87.712,63.2837, 
75.059,31.0999,-87.712,63.2837, 
75.062,31.0999,-87.712,63.2837, 
75.218,31.0999,-87.712,63.2837, 
75.22,31.0999,-87.712,63.2837, 
75.379,31.0999,-87.712,63.2837, 
75.382,31.0999,-87.712,63.2837, 
75.538,31.0999,-87.712,63.2837, 
75.54,31.0999,-87.712,63.2837, 
75.7,31.0999,-87.712,63.2837, 
75.703,31.0999,-87.712,63.2837, 
75.86,31.0999,-87.712,63.2837, 
75.862,31.0999,-87.712,63.2837, 
76.019,31.1225,-86.0891,63.5765, 
76.021,31.1225,-86.0891,63.5765, 
76.176,31.0999,-87.712,63.2837, 
76.178,31.0999,-87.712,63.2837, 
76.335,31.0999,-87.712,63.2837, 
76.337,31.0999,-87.712,63.2837, 
76.496,31.0999,-87.712,63.2837, 
76.499,31.0999,-87.712,63.2837, 
76.655,31.0999,-87.712,63.2837, 
76.657,31.0999,-87.712,63.2837, 
76.814,31.0999,-87.712,63.2837, 
76.816,31.0999,-87.712,63.2837, 
76.975,31.0999,-87.712,63.2837, 
76.978,31.0999,-87.712,63.2837, 
77.134,31.0999,-87.712,63.2837, 
77.136,31.0999,-87.712,63.2837, 
77.292,31.0999,-87.712,63.2837, 
77.294,31.0999,-87.712,63.2837, 
77.451,31.0999,-87.712,63.2837, 
77.453,31.0999,-87.712,63.2837, 
77.612,31.0999,-87.712,63.2837, 
77.615,31.0999,-87.712,63.2837, 
77.771,31.0999,-87.712,63.2837, 
77.773,31.0999,-87.712,63.2837, 
77.933,31.0999,-87.712,63.2837, 
77.936,31.0999,-87.712,63.2837, 
78.093,31.0999,-87.712,63.2837, 
78.096,31.0999,-87.712,63.2837, 
78.251,31.0999,-87.712,63.2837, 
78.253,31.0999,-87.712,63.2837, 
78.408,31.0999,-87.712,63.2837, 
78.41,31.0999,-87.712,63.2837, 
78.569,31.0999,-87.712,63.2837, 
78.572,31.0999,-87.712,63.2837, 
78.731,31.0999,-87.712,63.2837, 
78.733,31.0999,-87.712,63.2837, 
78.888,31.0999,-87.712,63.2837, 
78.89,31.0999,-87.712,63.2837, 
79.046,31.0999,-87.712,63.2837, 
79.048,31.0999,-87.712,63.2837, 
79.206,31.0999,-87.712,63.2837, 
79.209,31.0999,-87.712,63.2837, 
79.365,31.0999,-87.712,63.2837, 
79.367,31.0999,-87.712,63.2837, 
79.527,31.0999,-87.712,63.2837, 
79.53,31.0999,-87.712,63.2837, 
79.688,31.0999,-87.712,63.2837, 
79.69,31.0999,-87.712,63.2837, 
79.846,31.0999,-87.712,63.2837, 
79.849,31.0999,-87.712,63.2837, 
80.004,31.0999,-87.712,63.2837, 
80.006,31.0999,-87.712,63.2837, 
80.162,31.0999,-87.712,63.2837, 
80.165,31.0999,-87.712,63.2837, 
80.324,31.0999,-87.712,63.2837, 
80.326,31.0999,-87.712,63.2837, 
80.483,31.0999,-87.712,63.2837, 
80.485,31.0999,-87.712,63.2837, 
80.64,31.1225,-86.0891,63.5765, 
80.642,31.1225,-86.0891,63.5765, 
80.801,31.0999,-87.712,63.2837, 
80.804,31.0999,-87.712,63.2837, 
80.961,31.0999,-87.712,63.2837, 
80.964,31.0999,-87.712,63.2837, 
81.118,31.0999,-87.712,63.2837, 
81.278,31.0999,-87.712,63.2837, 
81.437,31.0999,-87.712,63.2837, 
81.439,31.0999,-87.712,63.2837, 
81.597,31.0999,-87.712,63.2837, 
81.757,31.1225,-86.0891,63.5765, 
81.759,31.1225,-86.0891,63.5765, 
81.919,31.0999,-87.712,63.2837, 
81.922,31.0999,-87.712,63.2837, 
82.078,31.0999,-87.712,63.2837, 
82.081,31.0999,-87.712,63.2837, 
82.236,31.0999,-87.712,63.2837, 
82.397,31.0999,-87.712,63.2837, 
82.4,31.0999,-87.712,63.2837, 
82.557,31.0999,-87.712,63.2837, 
82.56,31.0999,-87.712,63.2837, 
82.717,31.0999,-87.712,63.2837, 
82.72,31.0999,-87.712,63.2837, 
82.874,31.0999,-87.712,63.2837, 
82.876,31.0999,-87.712,63.2837, 
83.035,31.0999,-87.712,63.2837, 
83.038,31.0999,-87.712,63.2837, 
83.194,31.0999,-87.712,63.2837, 
83.197,31.0999,-87.712,63.2837, 
83.357,31.0999,-87.712,63.2837, 
83.359,31.0999,-87.712,63.2837, 
83.512,31.0999,-87.712,63.2837, 
83.514,31.0999,-87.712,63.2837, 
83.675,31.0999,-87.712,63.2837, 
83.677,31.0999,-87.712,63.2837, 
83.832,31.0999,-87.712,63.2837, 
83.834,31.0999,-87.712,63.2837, 
83.991,31.0999,-87.712,63.2837, 
83.993,31.0999,-87.712,63.2837, 
84.152,31.0999,-87.712,63.2837, 
84.154,31.0999,-87.712,63.2837, 
84.311,31.0999,-87.712,63.2837, 
84.313,31.0999,-87.712,63.2837, 
84.472,31.0999,-87.712,63.2837, 
84.631,31.0999,-87.712,63.2837, 
84.634,31.0999,-87.712,63.2837, 
84.787,31.0999,-87.712,63.2837, 
84.79,31.0999,-87.712,63.2837, 
84.951,31.0999,-87.712,63.2837, 
84.954,31.0999,-87.712,63.2837, 
85.107,31.0999,-87.712,63.2837, 
85.11,31.0999,-87.712,63.2837, 
85.268,31.1225,-86.0891,63.5765, 
85.271,31.1225,-86.0891,63.5765, 
85.427,31.1225,-86.0891,63.5765, 
85.429,31.1225,-86.0891,63.5765, 
85.589,31.0999,-87.712,63.2837, 
85.591,31.0999,-87.712,63.2837, 
85.749,31.0999,-87.712,63.2837, 
85.752,31.0999,-87.712,63.2837, 
85.907,31.0999,-87.712,63.2837, 
85.909,31.0999,-87.712,63.2837, 
86.064,31.0999,-87.712,63.2837, 
86.066,31.0999,-87.712,63.2837, 
86.225,31.0999,-87.712,63.2837, 
86.228,31.0999,-87.712,63.2837, 
86.385,31.0999,-87.712,63.2837, 
86.388,31.0999,-87.712,63.2837, 
86.543,31.0999,-87.712,63.2837, 
86.545,31.0999,-87.712,63.2837, 
86.703,31.0999,-87.712,63.2837, 
86.705,31.0999,-87.712,63.2837, 
86.864,31.0999,-87.712,63.2837, 
86.866,31.0999,-87.712,63.2837, 
87.025,31.0999,-87.712,63.2837, 
87.027,31.0999,-87.712,63.2837, 
87.18,31.0999,-87.712,63.2837, 
87.182,31.0999,-87.712,63.2837, 
87.344,31.1225,-86.0891,63.5765, 
87.346,31.1225,-86.0891,63.5765, 
87.503,31.1225,-86.0891,63.5765, 
87.505,31.1225,-86.0891,63.5765, 
87.659,31.1225,-86.0891,63.5765, 
87.819,31.0999,-87.712,63.2837, 
87.821,31.0999,-87.712,63.2837, 
87.98,31.0999,-87.712,63.2837, 
87.982,31.0999,-87.712,63.2837, 
88.139,31.0999,-87.712,63.2837, 
88.141,31.0999,-87.712,63.2837, 
88.301,31.0999,-87.712,63.2837, 
88.303,31.0999,-87.712,63.2837, 
88.461,31.0999,-87.712,63.2837, 
88.463,31.0999,-87.712,63.2837, 
88.619,31.0999,-87.712,63.2837, 
88.621,31.0999,-87.712,63.2837, 
88.776,31.0999,-87.712,63.2837, 
88.778,31.0999,-87.712,63.2837, 
88.935,31.0999,-87.712,63.2837, 
88.937,31.0999,-87.712,63.2837, 
89.096,31.0999,-87.712,63.2837, 
89.099,31.0999,-87.712,63.2837, 
89.255,31.0999,-87.712,63.2837, 
89.257,31.0999,-87.712,63.2837, 
89.414,31.0999,-87.712,63.2837, 
89.417,31.0999,-87.712,63.2837, 
89.576,31.0999,-87.712,63.2837, 
89.578,31.0999,-87.712,63.2837, 
89.735,31.0999,-87.712,63.2837, 
89.737,31.0999,-87.712,63.2837, 
89.892,31.0999,-87.712,63.2837, 
89.894,31.0999,-87.712,63.2837, 
90.055,31.0999,-87.712,63.2837, 
90.215,31.0999,-87.712,63.2837, 
90.217,31.0999,-87.712,63.2837, 
90.372,31.0999,-87.712,63.2837, 
90.374,31.0999,-87.712,63.2837, 
90.53,31.0999,-87.712,63.2837, 
90.533,31.0999,-87.712,63.2837, 
90.692,31.0999,-87.712,63.2837, 
90.694,31.0999,-87.712,63.2837, 
90.85,31.0999,-87.712,63.2837, 
90.853,31.0999,-87.712,63.2837, 
91.013,31.0999,-87.712,63.2837, 
91.015,31.0999,-87.712,63.2837, 
91.168,31.0999,-87.712,63.2837, 
91.17,31.0999,-87.712,63.2837, 
91.332,31.0999,-87.712,63.2837, 
91.334,31.0999,-87.712,63.2837, 
91.487,31.1225,-86.0891,63.5765, 
91.489,31.1225,-86.0891,63.5765, 
91.65,31.0999,-87.712,63.2837, 
91.653,31.0999,-87.712,63.2837, 
91.807,31.0999,-87.712,63.2837, 
91.809,31.0999,-87.712,63.2837, 
91.966,31.0999,-87.712,63.2837, 
91.969,31.0999,-87.712,63.2837, 
92.129,31.0999,-87.712,63.2837, 
92.131,31.0999,-87.712,63.2837, 
92.284,31.1225,-86.0891,63.5765, 
92.287,31.1225,-86.0891,63.5765, 
92.445,31.0999,-87.712,63.2837, 
92.447,31.0999,-87.712,63.2837, 
92.605,31.0999,-87.712,63.2837, 
92.608,31.0999,-87.712,63.2837, 
92.767,31.0999,-87.712,63.2837, 
92.769,31.0999,-87.712,63.2837, 
92.926,31.0999,-87.712,63.2837, 
92.928,31.0999,-87.712,63.2837, 
93.085,31.0999,-87.712,63.2837, 
93.087,31.0999,-87.712,63.2837, 
93.241,31.0999,-87.712,63.2837, 
93.244,31.0999,-87.712,63.2837, 
93.403,31.0999,-87.712,63.2837, 
93.406,31.0999,-87.712,63.2837, 
93.562,31.0999,-87.712,63.2837, 
93.564,31.0999,-87.712,63.2837, 
93.718,31.0999,-87.712,63.2837, 
93.883,31.0999,-87.712,63.2837, 
93.886,31.0999,-87.712,63.2837, 
94.33,32.2943,-86.0891,63.5765, 
94.333,32.2943,-86.0891,63.5765, 
94.487,31.0999,-87.712,63.2837, 
94.489,31.0999,-87.712,63.2837, 
94.649,31.0999,-87.712,63.2837, 
94.652,31.0999,-87.712,63.2837, 
94.809,31.0999,-87.712,63.2837, 
94.812,31.0999,-87.712,63.2837, 
94.967,31.0999,-87.712,63.2837, 
94.969,31.0999,-87.712,63.2837, 
95.129,31.0999,-87.712,63.2837, 
95.132,31.0999,-87.712,63.2837, 
95.283,31.0999,-87.712,63.2837, 
95.448,31.0999,-87.712,63.2837, 
95.45,31.0999,-87.712,63.2837, 
95.607,31.0999,-87.712,63.2837, 
95.609,31.0999,-87.712,63.2837, 
95.763,31.0999,-87.712,63.2837, 
95.765,31.0999,-87.712,63.2837, 
95.926,31.0999,-87.712,63.2837, 
95.928,31.0999,-87.712,63.2837, 
96.086,31.0999,-87.712,63.2837, 
96.088,31.0999,-87.712,63.2837, 
96.243,31.0999,-87.712,63.2837, 
96.245,31.0999,-87.712,63.2837, 
96.404,31.0999,-87.712,63.2837, 
96.406,31.0999,-87.712,63.2837, 
96.563,31.0999,-87.712,63.2837, 
96.565,31.0999,-87.712,63.2837, 
96.72,31.0999,-87.712,63.2837, 
96.722,31.0999,-87.712,63.2837, 
96.88,31.0999,-87.712,63.2837, 
96.883,31.0999,-87.712,63.2837, 
97.041,31.0999,-87.712,63.2837, 
97.043,31.0999,-87.712,63.2837, 
97.199,31.0999,-87.712,63.2837, 
97.201,31.0999,-87.712,63.2837, 
97.361,31.0999,-87.712,63.2837, 
97.363,31.0999,-87.712,63.2837, 
97.52,31.0999,-87.712,63.2837, 
97.523,31.0999,-87.712,63.2837, 
97.678,31.0999,-87.712,63.2837, 
97.838,31.0999,-87.712,63.2837, 
97.841,31.0999,-87.712,63.2837, 
98,31.0999,-87.712,63.2837, 
98.002,31.0999,-87.712,63.2837, 
98.159,31.0999,-87.712,63.2837, 
98.161,31.0999,-87.712,63.2837, 
98.316,31.0999,-87.712,63.2837, 
98.477,31.0999,-87.712,63.2837, 
98.48,31.0999,-87.712,63.2837, 
98.637,31.0999,-87.712,63.2837, 
98.64,31.0999,-87.712,63.2837, 
98.795,31.0999,-87.712,63.2837, 
98.797,31.0999,-87.712,63.2837, 
98.957,31.0999,-87.712,63.2837, 
98.96,31.0999,-87.712,63.2837, 
99.112,31.0999,-87.712,63.2837, 
99.114,31.0999,-87.712,63.2837, 
99.276,31.0999,-87.712,63.2837, 
99.278,31.0999,-87.712,63.2837, 
99.435,31.0999,-87.712,63.2837, 
99.437,31.0999,-87.712,63.2837, 
99.594,31.0999,-87.712,63.2837, 
99.596,31.0999,-87.712,63.2837, 
99.754,31.0999,-87.712,63.2837, 
99.756,31.0999,-87.712,63.2837, 
99.912,31.0999,-87.712,63.2837, 
100.073,31.0999,-87.712,63.2837, 
100.076,31.0999,-87.712,63.2837, 
100.233,31.0999,-87.712,63.2837, 
100.236,31.0999,-87.712,63.2837, 
100.391,31.0999,-87.712,63.2837, 
100.393,31.0999,-87.712,63.2837, 
100.548,31.0999,-87.712,63.2837, 
100.55,31.0999,-87.712,63.2837, 
100.712,31.0999,-87.712,63.2837, 
100.714,31.0999,-87.712,63.2837, 
100.87,31.0999,-87.712,63.2837, 
100.873,31.0999,-87.712,63.2837, 
101.028,31.0999,-87.712,63.2837, 
101.189,31.0999,-87.712,63.2837, 
101.192,31.0999,-87.712,63.2837, 
101.349,31.0999,-87.712,63.2837, 
101.352,31.0999,-87.712,63.2837, 
101.506,31.0999,-87.712,63.2837, 
101.666,31.0999,-87.712,63.2837, 
101.825,31.0999,-87.712,63.2837, 
101.827,31.0999,-87.712,63.2837, 
101.987,31.0999,-87.712,63.2837, 
101.989,31.0999,-87.712,63.2837, 
102.147,31.0999,-87.712,63.2837, 
102.15,31.0999,-87.712,63.2837, 
102.306,31.0999,-87.712,63.2837, 
102.308,31.0999,-87.712,63.2837, 
102.463,31.0999,-87.712,63.2837, 
102.466,31.0999,-87.712,63.2837, 
102.625,31.0999,-87.712,63.2837, 
102.627,31.0999,-87.712,63.2837, 
102.786,31.0999,-87.712,63.2837, 
102.788,31.0999,-87.712,63.2837, 
102.942,31.0999,-87.712,63.2837, 
102.945,31.0999,-87.712,63.2837, 
103.104,31.0999,-87.712,63.2837, 
103.106,31.0999,-87.712,63.2837, 
103.26,31.0999,-87.712,63.2837, 
103.262,31.0999,-87.712,63.2837, 
103.42,31.0999,-87.712,63.2837, 
103.422,31.0999,-87.712,63.2837, 
103.582,31.0999,-87.712,63.2837, 
103.584,31.0999,-87.712,63.2837, 
103.743,31.0999,-87.712,63.2837, 
103.745,31.0999,-87.712,63.2837, 
103.901,31.0999,-87.712,63.2837, 
103.904,31.0999,-87.712,63.2837, 
104.058,31.0999,-87.712,63.2837, 
104.061,31.0999,-87.712,63.2837, 
104.22,31.0999,-87.712,63.2837, 
104.222,31.0999,-87.712,63.2837, 
104.376,31.0999,-87.712,63.2837, 
104.378,31.0999,-87.712,63.2837, 
104.536,31.0999,-87.712,63.2837, 
104.698,31.0999,-87.712,63.2837, 
104.701,31.0999,-87.712,63.2837, 
104.855,31.0999,-87.712,63.2837, 
104.857,31.0999,-87.712,63.2837, 
105.016,31.1225,-86.0891,63.5765, 
105.175,31.0999,-87.712,63.2837, 
105.336,31.0999,-87.712,63.2837, 
105.338,31.0999,-87.712,63.2837, 
105.494,31.0999,-87.712,63.2837, 
105.496,31.0999,-87.712,63.2837, 
105.655,31.0999,-87.712,63.2837, 
105.658,31.0999,-87.712,63.2837, 
105.814,31.0999,-87.712,63.2837, 
105.817,31.0999,-87.712,63.2837, 
105.971,31.0999,-87.712,63.2837, 
105.973,31.0999,-87.712,63.2837, 
106.133,31.1225,-86.0891,63.5765, 
106.136,31.1225,-86.0891,63.5765, 
106.293,31.0999,-87.712,63.2837, 
106.296,31.0999,-87.712,63.2837, 
106.451,31.0999,-87.712,63.2837, 
106.453,31.0999,-87.712,63.2837, 
106.613,31.0999,-87.712,63.2837, 
106.616,31.0999,-87.712,63.2837, 
106.773,31.0999,-87.712,63.2837, 
106.776,31.0999,-87.712,63.2837, 
106.932,31.0999,-87.712,63.2837, 
106.934,31.0999,-87.712,63.2837, 
107.09,31.0999,-87.712,63.2837, 
107.093,31.0999,-87.712,63.2837, 
107.252,30.4688,-87.7234,63.3, 
107.255,30.4688,-87.7234,63.3, 
107.409,30.4688,-87.7234,64.4719, 
107.411,30.4688,-87.7234,64.4719, 
107.569,30.4688,-87.4388,64.6618, 
107.572,30.4688,-87.4388,64.6618, 
107.726,30.4688,-88.4331,61.5885, 
107.729,30.4688,-88.4331,61.5885, 
107.888,30.4688,-86.5515,62.1282, 
107.89,30.4688,-86.5515,62.1282, 
108.047,30.4688,-86.5515,62.1282, 
108.049,30.4688,-86.5515,62.1282, 
108.205,30.4688,-86.5515,62.1282, 
108.207,30.4688,-86.5515,62.1282, 
108.366,31.0773,-86.9452,61.8178, 
108.369,31.0773,-86.9452,61.8178, 
108.526,31.0999,-85.3682,60.9399, 
108.528,31.0999,-85.3682,60.9399, 
108.683,31.0773,-85.7733,59.474, 
108.685,31.0773,-85.7733,59.474, 
108.845,31.0999,-84.1964,58.5962, 
108.848,31.0999,-84.1964,58.5962, 
109.005,31.0877,-83.4675,59.0564, 
109.008,31.0877,-83.4675,59.0564, 
109.163,31.0877,-83.4675,59.0564, 
109.165,31.0877,-83.4675,59.0564, 
109.325,29.2969,-84.2077,57.4407, 
109.328,29.2969,-84.2077,57.4407, 
109.48,29.2969,-82.5847,56.5635, 
109.482,29.2969,-82.5847,56.5635, 
109.644,29.2969,-83.0359,55.0969, 
109.646,29.2969,-83.0359,55.0969, 
109.802,29.2969,-81.4128,54.2197, 
109.805,29.2969,-81.4128,54.2197, 
109.959,29.2969,-81.9843,53.8405, 
109.961,29.2969,-81.9843,53.8405, 
110.12,29.8966,-80.3978,52.9279, 
110.122,29.8966,-80.3978,52.9279, 
110.279,29.9055,-81.0858,51.2709, 
110.281,29.9055,-81.0858,51.2709, 
110.441,29.9281,-79.5089,50.393, 
110.443,29.9281,-79.5089,50.393, 
110.601,31.6792,-79.8804,47.7117, 
110.604,31.6792,-79.8804,47.7117, 
110.759,31.6618,-78.0252,48.1954, 
110.761,31.6618,-78.0252,48.1954, 
110.916,29.9621,-77.4711,45.4823, 
110.919,29.9621,-77.4711,45.4823, 
111.078,29.9055,-77.5702,45.4115, 
111.08,29.9055,-77.5702,45.4115, 
111.237,31.6997,-75.2362,44.9445, 
111.24,31.6997,-75.2362,44.9445, 
111.397,31.7237,-75.9596,43.3132, 
111.4,31.7237,-75.9596,43.3132, 
111.558,31.7679,-74.3372,42.4288, 
111.561,31.7679,-74.3372,42.4288, 
111.717,31.7237,-74.7877,40.9694, 
111.719,31.7237,-74.7877,40.9694, 
111.875,31.7679,-73.1653,40.085, 
111.877,31.7679,-73.1653,40.085, 
112.037,31.7679,-71.9934,38.9132, 
112.194,31.7904,-72.7442,37.2267, 
112.197,31.7904,-72.7442,37.2267, 
112.353,30.0301,-71.4909,36.1906, 
112.356,30.0301,-71.4909,36.1906, 
112.511,29.2969,-71.172,35.2736, 
112.513,29.2969,-71.172,35.2736, 
112.673,29.2969,-70.0001,34.1018, 
112.676,29.2969,-70.0001,34.1018, 
112.833,29.2969,-70.0001,34.1018, 
112.836,29.2969,-70.0001,34.1018, 
112.991,27.4333,-68.815,32.91, 
112.993,27.4333,-68.815,32.91, 
113.153,27.4333,-68.815,32.91, 
113.156,27.4333,-68.815,32.91, 
113.308,27.4333,-68.815,32.91, 
113.31,27.4333,-68.815,32.91, 
113.472,27.4333,-68.815,32.91, 
113.474,27.4333,-68.815,32.91, 
113.63,27.407,-68.307,33.2249, 
113.633,27.407,-68.307,33.2249, 
113.787,27.407,-68.307,33.2249, 
113.789,27.407,-68.307,33.2249, 
113.948,27.3603,-68.6343,31.8494, 
113.95,27.3603,-68.6343,31.8494, 
114.107,28.125,-69.8219,33.046, 
114.109,28.125,-69.8219,33.046, 
114.269,28.125,-70.366,36.9297, 
114.271,28.125,-70.366,36.9297, 
114.427,30.0924,-71.5702,38.048, 
114.43,30.0924,-71.5702,38.048, 
114.584,29.2969,-72.7097,40.4453, 
114.587,29.2969,-72.7097,40.4453, 
114.748,29.2969,-75.5535,41.3291, 
114.75,29.2969,-75.5535,41.3291, 
114.907,29.2969,-75.6813,42.421, 
114.909,29.2969,-75.6813,42.421, 
115.066,29.2969,-76.8531,44.7647, 
115.068,29.2969,-76.8531,44.7647, 
115.224,29.2969,-77.4448,48.6227, 
115.385,29.2969,-78.3003,51.1318, 
115.388,29.2969,-78.3003,51.1318, 
115.545,29.2969,-80.9604,53.3102, 
115.548,29.2969,-80.9604,53.3102, 
115.703,29.2969,-82.1323,55.654, 
115.705,29.2969,-82.1323,55.654, 
115.86,29.2969,-85.5692,57.3061, 
115.862,29.2969,-85.5692,57.3061, 
116.024,28.5322,-85.0405,58.8025, 
116.027,28.5322,-85.0405,58.8025, 
116.183,30.4688,-87.4,61.171, 
116.185,30.4688,-87.4,61.171, 
116.34,30.4688,-88.7501,62.2268, 
116.342,30.4688,-88.7501,62.2268, 
116.498,30.4688,-89.616,64.7666, 
116.501,30.4688,-89.616,64.7666, 
116.658,28.6432,-89.6048,65.9202, 
116.661,28.6432,-89.6048,65.9202, 
116.817,28.6432,-90.7766,67.0921, 
116.82,28.6432,-90.7766,67.0921, 
116.978,30.4688,-90.7878,68.2822, 
116.98,30.4688,-90.7878,68.2822, 
117.139,30.4688,-92.2658,68.0861, 
117.142,30.4688,-92.2658,68.0861, 
117.298,30.4688,-91.1909,72.2255, 
117.3,30.4688,-91.1909,72.2255, 
117.455,30.4688,-92.852,73.1356, 
117.457,30.4688,-92.852,73.1356, 
117.617,30.4688,-92.9293,73.0909, 
117.62,30.4688,-92.9293,73.0909, 
117.777,30.4688,-94.3035,74.1416, 
117.78,30.4688,-94.3035,74.1416, 
117.935,30.4688,-93.8035,74.4297, 
117.937,30.4688,-93.8035,74.4297, 
118.097,30.4688,-93.8035,74.4297, 
118.099,30.4688,-93.8035,74.4297, 
118.257,30.4688,-94.0239,74.3074, 
118.26,30.4688,-94.0239,74.3074, 
118.412,31.1605,-93.4243,70.41, 
118.415,31.1605,-93.4243,70.41, 
118.576,31.0685,-92.1166,69.3341, 
118.578,31.0685,-92.1166,69.3341, 
118.735,31.0877,-90.4987,68.4314, 
118.738,31.0877,-90.4987,68.4314, 
118.894,29.2969,-89.616,64.7666, 
118.896,29.2969,-89.616,64.7666, 
119.051,29.2969,-90.375,63.0781, 
119.053,29.2969,-90.375,63.0781, 
119.213,29.2969,-88.6107,63.4899, 
119.216,29.2969,-88.6107,63.4899, 
119.373,29.2969,-87.2722,61.251, 
119.376,29.2969,-87.2722,61.251, 
119.531,29.2969,-85.8208,59.0731, 
119.533,29.2969,-85.8208,59.0731, 
119.687,29.2969,-86.5515,56.2688, 
119.846,29.2969,-83.7566,54.2197, 
120.006,29.2969,-82.5847,53.0478, 
120.167,29.2969,-83.0359,50.4094, 
120.169,29.2969,-83.0359,50.4094, 
120.329,29.2969,-81.864,49.2375, 
120.331,29.2969,-81.864,49.2375, 
120.489,31.0999,-80.6807,48.0493, 
120.492,31.0999,-80.6807,48.0493, 
120.647,29.9936,-74.4929,46.5575, 
120.649,29.9936,-74.4929,46.5575, 
120.809,30.0148,-75.3382,43.7717, 
120.812,30.0148,-75.3382,43.7717, 
120.964,29.9281,-77.1651,42.1899, 
120.966,29.9281,-77.1651,42.1899, 
121.128,29.9281,-75.9932,41.018, 
121.13,29.9281,-75.9932,41.018, 
121.287,29.9621,-75.1273,38.451, 
121.289,29.9621,-75.1273,38.451, 
121.442,29.9621,-72.7836,37.2792, 
121.602,30.0301,-70.319,35.0187, 
121.604,30.0301,-70.319,35.0187, 
121.764,29.2969,-69.6941,34.2978, 
121.766,29.2969,-69.6941,34.2978, 
121.922,29.2969,-70.1452,32.8313, 
121.925,29.2969,-70.1452,32.8313, 
122.082,28.125,-67.3503,29.6103, 
122.084,28.125,-67.3503,29.6103, 
122.241,28.7902,-68.0961,26.7323, 
122.244,28.7902,-68.0961,26.7323, 
122.401,28.8167,-66.4712,25.8787, 
122.404,28.8167,-66.4712,25.8787, 
122.562,28.843,-64.7913,25.0217, 
122.565,28.843,-64.7913,25.0217, 
122.721,28.7053,-65.5682,23.358, 
122.724,28.7053,-65.5682,23.358, 
122.881,28.7336,-64.6796,21.974, 
122.884,28.7336,-64.6796,21.974, 
123.038,28.7902,-63.4086,20.8729, 
123.041,28.7902,-63.4086,20.8729, 
123.202,30.5518,-63.069,21.0476, 
123.204,30.5518,-63.069,21.0476, 
123.359,30.6705,-61.7444,19.9604, 
123.361,30.6705,-61.7444,19.9604, 
123.516,30.7517,-62.0691,18.5482, 
123.518,30.7517,-62.0691,18.5482, 
123.679,28.8582,-62.1159,18.6125, 
123.682,28.8582,-62.1159,18.6125, 
123.838,28.843,-61.2757,20.3342, 
123.841,28.843,-61.2757,20.3342, 
123.995,26.9531,-62.6628,22.5791, 
123.997,26.9531,-62.6628,22.5791, 
124.157,28.9794,-62.548,24.9498, 
124.16,28.9794,-62.548,24.9498, 
124.317,30.6392,-65.6356,29.8188, 
124.32,30.6392,-65.6356,29.8188, 
124.478,28.125,-68.2426,33.2918, 
124.48,28.125,-68.2426,33.2918, 
124.634,27.3465,-71.853,33.5662, 
124.637,27.3465,-71.853,33.5662, 
124.795,28.125,-70.9938,36.5616, 
124.798,28.125,-70.9938,36.5616, 
124.954,29.2969,-74.8327,39.8625, 
124.957,29.2969,-74.8327,39.8625, 
125.111,28.5915,-77.366,39.866, 
125.114,28.5915,-77.366,39.866, 
125.275,28.5789,-74.1663,44.9436, 
125.278,28.5789,-74.1663,44.9436, 
125.434,29.2969,-75.8595,44.6486, 
125.436,29.2969,-75.8595,44.6486, 
125.591,29.2969,-75.6813,45.9366, 
125.593,29.2969,-75.6813,45.9366, 
125.753,29.2969,-80.1605,46.4114, 
125.756,29.2969,-80.1605,46.4114, 
125.909,29.2969,-79.3751,49.3361, 
125.911,29.2969,-79.3751,49.3361, 
126.072,29.2969,-80.241,50.7041, 
126.074,29.2969,-80.241,50.7041, 
126.521,31.1225,-81.4016,53.0296, 
126.523,31.1225,-81.4016,53.0296, 
126.676,29.2969,-81.4128,54.2197, 
126.678,29.2969,-81.4128,54.2197, 
126.84,29.2969,-82.8908,54.0236, 
126.996,29.2969,-82.3051,56.7293, 
126.999,29.2969,-82.3051,56.7293, 
127.157,29.2969,-82.0847,56.8516, 
127.16,29.2969,-82.0847,56.8516, 
127.317,29.2969,-83.7566,57.7353, 
127.32,29.2969,-83.7566,57.7353, 
127.475,29.2969,-85.3796,58.6125, 
127.478,29.2969,-85.3796,58.6125, 
127.634,29.2969,-85.2345,59.883, 
127.637,29.2969,-85.2345,59.883, 
127.796,29.2969,-85.2345,59.883, 
127.799,29.2969,-85.2345,59.883, 
127.955,29.2969,-86.4064,61.0549, 
127.957,29.2969,-86.4064,61.0549, 
128.112,29.2969,-86.4064,61.0549, 
128.115,29.2969,-86.4064,61.0549, 
128.274,29.2969,-86.1003,62.4228, 
128.276,29.2969,-86.1003,62.4228, 
128.433,29.2969,-86.1003,63.5947, 
128.436,29.2969,-86.1003,63.5947, 
128.591,29.2969,-87.2722,63.5947, 
128.593,29.2969,-87.2722,63.5947, 
128.753,29.2969,-87.2722,63.5947, 
128.756,29.2969,-87.2722,63.5947, 
128.913,29.2969,-87.2722,63.5947, 
128.916,29.2969,-87.2722,63.5947, 
129.071,29.2969,-86.4064,62.2268, 
129.073,29.2969,-86.4064,62.2268, 
129.228,29.2969,-86.5515,60.9563, 
129.23,29.2969,-86.5515,60.9563, 
129.391,29.2969,-85.3796,60.9563, 
129.394,29.2969,-85.3796,60.9563, 
129.55,29.2969,-84.9285,61.251, 
129.553,29.2969,-84.9285,61.251, 
129.708,29.2969,-84.9285,61.251, 
129.71,29.2969,-84.9285,61.251, 
129.869,29.2969,-84.9285,61.251, 
129.872,29.2969,-84.9285,61.251, 
130.029,29.2969,-84.9285,61.251, 
130.032,29.2969,-84.9285,61.251, 
130.187,29.2969,-84.9285,61.251, 
130.19,29.2969,-84.9285,61.251, 
130.346,27.4713,-84.9173,61.2327, 
130.348,27.4713,-84.9173,61.2327, 
130.507,29.2969,-84.9285,61.251, 
130.51,29.2969,-84.9285,61.251, 
130.665,29.2969,-84.9285,61.251, 
130.667,29.2969,-84.9285,61.251, 
130.825,29.2969,-84.9285,61.251, 
130.828,29.2969,-84.9285,61.251, 
130.987,29.2969,-84.9285,61.251, 
130.99,29.2969,-84.9285,61.251, 
131.145,29.2969,-84.9285,61.251, 
131.147,29.2969,-84.9285,61.251, 
131.302,29.2969,-84.9285,61.251, 
131.461,29.2969,-84.9285,61.251, 
131.621,29.2969,-84.9285,61.251, 
131.781,29.2969,-84.9285,61.251, 
131.94,29.2969,-84.9285,61.251, 
131.942,29.2969,-84.9285,61.251, 
132.098,29.2969,-84.9285,61.251, 
132.262,29.2969,-84.9285,61.251, 
132.417,29.2969,-84.9285,61.251, 
132.576,29.2969,-84.9285,61.251, 
132.578,29.2969,-84.9285,61.251, 
132.737,29.2969,-84.9285,61.251, 
132.739,29.2969,-84.9285,61.251, 
132.901,29.2969,-83.2566,61.5391, 
132.904,29.2969,-83.2566,61.5391, 
133.058,29.2969,-84.9285,61.251, 
133.06,29.2969,-84.9285,61.251, 
133.219,29.2969,-84.9285,61.251, 
133.222,29.2969,-84.9285,61.251, 
133.378,29.2969,-84.9285,61.251, 
133.381,29.2969,-84.9285,61.251, 
133.536,29.2969,-83.2566,61.5391, 
133.538,29.2969,-83.2566,61.5391, 
133.697,29.2969,-84.9285,61.251, 
133.7,29.2969,-84.9285,61.251, 
133.857,29.2969,-84.9285,61.251, 
133.859,29.2969,-84.9285,61.251, 
134.015,29.2969,-84.9285,61.251, 
134.017,29.2969,-84.9285,61.251, 
134.177,29.2969,-83.2566,61.5391, 
134.179,29.2969,-83.2566,61.5391, 
134.332,29.2969,-84.9285,61.251, 
134.334,29.2969,-84.9285,61.251, 
134.495,29.2969,-84.9285,61.251, 
134.652,29.2969,-83.2566,61.5391, 
134.654,29.2969,-83.2566,61.5391, 
134.811,27.4713,-84.9173,61.2327, 
134.813,27.4713,-84.9173,61.2327, 
134.972,29.2969,-83.2566,61.5391, 
134.974,29.2969,-83.2566,61.5391, 
135.131,29.2969,-84.9285,61.251, 
135.133,29.2969,-84.9285,61.251, 
135.293,29.2969,-83.2566,61.5391, 
135.296,29.2969,-83.2566,61.5391, 
135.453,27.4713,-84.9173,61.2327, 
135.456,27.4713,-84.9173,61.2327, 
135.611,29.2969,-84.9285,61.251, 
135.613,29.2969,-84.9285,61.251, 
135.768,29.2969,-83.2566,61.5391, 
135.77,29.2969,-83.2566,61.5391, 
135.931,29.2969,-84.9285,61.251, 
135.934,29.2969,-84.9285,61.251, 
136.09,29.2969,-84.9285,61.251, 
136.093,29.2969,-84.9285,61.251, 
136.247,29.2969,-83.2566,61.5391, 
136.249,29.2969,-83.2566,61.5391, 
136.409,29.2969,-83.2566,61.5391, 
136.412,29.2969,-83.2566,61.5391, 
136.569,29.2969,-83.2566,61.5391, 
136.572,29.2969,-83.2566,61.5391, 
136.724,29.2969,-83.2566,61.5391, 
136.727,29.2969,-83.2566,61.5391, 
136.884,29.2969,-83.2566,61.5391, 
136.886,29.2969,-83.2566,61.5391, 
137.048,29.2969,-83.2566,61.5391, 
137.05,29.2969,-83.2566,61.5391, 
137.206,29.2969,-84.9285,61.251, 
137.366,29.2969,-83.2566,61.5391, 
137.522,29.2969,-83.2566,61.5391, 
137.524,29.2969,-83.2566,61.5391, 
137.683,29.2969,-84.9285,61.251, 
137.686,29.2969,-84.9285,61.251, 
137.842,27.4493,-83.2458,61.519, 
137.844,27.4493,-83.2458,61.519, 
138.004,29.2969,-83.2566,61.5391, 
138.006,29.2969,-83.2566,61.5391, 
138.163,29.2969,-83.2566,61.5391, 
138.165,29.2969,-83.2566,61.5391, 
138.322,29.2969,-83.2566,61.5391, 
138.324,29.2969,-83.2566,61.5391, 
138.481,29.2969,-83.2566,61.5391, 
138.484,29.2969,-83.2566,61.5391, 
138.641,29.2969,-83.5543,61.3722, 
138.644,29.2969,-83.5543,61.3722, 
138.801,27.4493,-83.2458,61.519, 
138.803,27.4493,-83.2458,61.519, 
138.961,29.2969,-83.2566,61.5391, 
138.964,29.2969,-83.2566,61.5391, 
139.118,29.2969,-83.5543,61.3722, 
139.12,29.2969,-83.5543,61.3722, 
139.279,29.2969,-83.2566,61.5391, 
139.282,29.2969,-83.2566,61.5391, 
139.438,29.2969,-83.2566,61.5391, 
139.44,29.2969,-83.2566,61.5391, 
139.595,27.4713,-84.9173,61.2327, 
139.597,27.4713,-84.9173,61.2327, 
139.757,29.2969,-83.2566,61.5391, 
139.76,29.2969,-83.2566,61.5391, 
139.917,29.2969,-83.2566,61.5391, 
139.919,29.2969,-83.2566,61.5391, 
140.075,27.4493,-83.2458,61.519, 
140.077,27.4493,-83.2458,61.519, 
140.237,27.4493,-83.2458,61.519, 
140.24,27.4493,-83.2458,61.519, 
140.397,29.2969,-83.2566,61.5391, 
140.4,29.2969,-83.2566,61.5391, 
140.552,29.2969,-83.2566,61.5391, 
140.555,29.2969,-83.2566,61.5391, 
140.712,29.2969,-84.9285,61.251, 
140.714,29.2969,-84.9285,61.251, 
140.874,27.4493,-83.2458,61.519, 
140.876,27.4493,-83.2458,61.519, 
141.031,27.4493,-83.2458,61.519, 
141.034,27.4493,-83.2458,61.519, 
141.195,29.2969,-83.2566,61.5391, 
141.198,29.2969,-83.2566,61.5391, 
141.351,29.2969,-83.2566,61.5391, 
141.354,29.2969,-83.2566,61.5391, 
141.512,29.2969,-83.2566,61.5391, 
141.515,29.2969,-83.2566,61.5391, 
141.671,27.4713,-84.9173,61.2327, 
141.673,27.4713,-84.9173,61.2327, 
141.833,27.4713,-84.9173,61.2327, 
141.836,27.4713,-84.9173,61.2327, 
141.987,27.407,-83.5413,61.3499, 
141.989,27.407,-83.5413,61.3499, 
142.149,29.2969,-83.2566,61.5391, 
142.31,27.4493,-83.2458,61.519, 
142.467,27.407,-83.5413,61.3499, 
142.47,27.407,-83.5413,61.3499, 
142.628,27.4713,-84.9173,61.2327, 
142.631,27.4713,-84.9173,61.2327, 
142.787,29.2969,-83.2566,61.5391, 
142.789,29.2969,-83.2566,61.5391, 
142.949,27.407,-83.5413,61.3499, 
142.952,27.407,-83.5413,61.3499, 
143.109,27.4493,-83.2458,61.519, 
143.112,27.4493,-83.2458,61.519, 
143.267,27.407,-83.5413,61.3499, 
143.269,27.407,-83.5413,61.3499, 
143.424,27.4493,-83.2458,61.519, 
143.426,27.4493,-83.2458,61.519, 
143.585,27.4493,-83.2458,61.519, 
143.588,27.4493,-83.2458,61.519, 
143.742,27.4493,-83.2458,61.519, 
143.745,27.4493,-83.2458,61.519, 
143.907,27.4493,-83.2458,61.519, 
143.909,27.4493,-83.2458,61.519, 
144.063,29.2969,-83.2566,61.5391, 
144.065,29.2969,-83.2566,61.5391, 
144.224,29.2969,-83.2566,61.5391, 
144.226,29.2969,-83.2566,61.5391, 
144.383,27.4493,-83.2458,61.519, 
144.385,27.4493,-83.2458,61.519, 
144.54,27.4493,-83.2458,61.519, 
144.542,27.4493,-83.2458,61.519, 
144.703,29.2969,-83.2566,61.5391, 
144.706,29.2969,-83.2566,61.5391, 
144.862,27.4493,-83.2458,61.519, 
144.865,27.4493,-83.2458,61.519, 
145.019,27.4493,-83.2458,61.519, 
145.021,27.4493,-83.2458,61.519, 
145.181,29.2969,-83.2566,61.5391, 
145.184,29.2969,-83.2566,61.5391, 
145.341,29.2969,-83.2566,61.5391, 
145.344,29.2969,-83.2566,61.5391, 
145.499,27.4493,-83.2458,61.519, 
145.501,27.4493,-83.2458,61.519, 
145.661,27.4493,-83.2458,61.519, 
145.664,27.4493,-83.2458,61.519, 
145.816,29.2969,-85.2345,61.0549, 
145.819,29.2969,-85.2345,61.0549, 
145.977,27.4493,-83.2458,61.519, 
145.98,27.4493,-83.2458,61.519, 
146.137,27.4493,-83.2458,61.519, 
146.139,27.4493,-83.2458,61.519, 
146.297,27.4493,-83.2458,61.519, 
146.299,27.4493,-83.2458,61.519, 
146.457,27.4493,-83.2458,61.519, 
146.459,27.4493,-83.2458,61.519, 
146.617,27.4493,-83.2458,61.519, 
146.62,27.4493,-83.2458,61.519, 
146.774,27.4493,-83.2458,61.519, 
146.776,27.4493,-83.2458,61.519, 
146.933,27.4493,-83.2458,61.519, 
146.935,27.4493,-83.2458,61.519, 
147.096,27.4493,-83.2458,61.519, 
147.098,27.4493,-83.2458,61.519, 
147.254,27.4493,-83.2458,61.519, 
147.257,27.4493,-83.2458,61.519, 
147.411,27.4493,-83.2458,61.519, 
147.414,27.4493,-83.2458,61.519, 
147.571,27.4493,-83.2458,61.519, 
147.574,27.4493,-83.2458,61.519, 
147.734,27.4493,-83.2458,61.519, 
147.736,27.4493,-83.2458,61.519, 
147.893,27.4493,-83.2458,61.519, 
147.896,27.4493,-83.2458,61.519, 
148.05,27.4493,-83.2458,61.519, 
148.052,27.4493,-83.2458,61.519, 
148.212,27.407,-83.5413,61.3499, 
148.214,27.407,-83.5413,61.3499, 
148.368,27.4493,-83.2458,61.519, 
148.37,27.4493,-83.2458,61.519, 
148.529,27.4493,-83.2458,61.519, 
148.532,27.4493,-83.2458,61.519, 
148.692,27.4493,-83.2458,61.519, 
148.694,27.4493,-83.2458,61.519, 
148.849,27.4493,-83.2458,61.519, 
148.852,27.4493,-83.2458,61.519, 
149.008,27.4493,-83.2458,61.519, 
149.01,27.4493,-83.2458,61.519, 
149.169,27.4493,-83.2458,61.519, 
149.172,27.4493,-83.2458,61.519, 
149.326,27.4493,-83.2458,61.519, 
149.328,27.4493,-83.2458,61.519, 
149.487,27.4493,-83.2458,61.519, 
149.489,27.4493,-83.2458,61.519, 
149.644,27.4493,-83.2458,61.519, 
149.647,27.4493,-83.2458,61.519, 
149.807,29.2969,-83.2566,61.5391, 
149.81,29.2969,-83.2566,61.5391, 
149.964,29.2969,-84.9285,61.251, 
149.966,29.2969,-84.9285,61.251, 
150.125,29.2969,-84.9285,61.251, 
150.128,29.2969,-84.9285,61.251, 
150.283,29.2969,-84.9285,61.251, 
150.285,29.2969,-84.9285,61.251, 
150.442,29.2969,-83.2566,61.5391, 
150.444,29.2969,-83.2566,61.5391, 
150.604,29.2969,-83.5543,59.0284, 
150.606,29.2969,-83.5543,59.0284, 
150.763,27.4493,-82.0739,58.0033, 
150.766,27.4493,-82.0739,58.0033, 
150.922,29.2969,-82.8908,56.3674, 
150.925,29.2969,-82.8908,56.3674, 
151.081,29.2969,-82.5847,56.5635, 
151.083,29.2969,-82.5847,56.5635, 
151.244,29.2969,-80.9129,56.8516, 
151.247,29.2969,-80.9129,56.8516, 
151.403,29.2969,-80.9129,55.6797, 
151.405,29.2969,-80.9129,55.6797, 
151.56,29.2969,-80.9129,55.6797, 
151.562,29.2969,-80.9129,55.6797, 
151.719,29.2969,-81.7189,54.0236, 
151.722,29.2969,-81.7189,54.0236, 
151.88,29.2969,-79.741,54.5078, 
151.883,29.2969,-79.741,54.5078, 
152.04,29.2969,-80.241,53.0478, 
152.196,29.2969,-78.5691,52.1641, 
152.198,29.2969,-78.5691,52.1641, 
152.36,29.2969,-78.5691,50.9922, 
152.363,29.2969,-78.5691,50.9922, 
152.515,29.2969,-77.695,49.6534, 
152.518,29.2969,-77.695,49.6534, 
152.679,29.2969,-77.695,48.4815, 
152.682,29.2969,-77.695,48.4815, 
152.835,29.2969,-78.2033,48.1643, 
152.838,29.2969,-78.2033,48.1643, 
152.996,29.2969,-78.2033,46.9924, 
152.999,29.2969,-78.2033,46.9924, 
153.155,29.2969,-77.0314,45.8205, 
153.157,29.2969,-77.0314,45.8205, 
153.317,29.2969,-77.0314,45.8205, 
153.319,29.2969,-77.0314,45.8205, 
153.472,29.2969,-76.2254,48.6485, 
153.474,29.2969,-76.2254,48.6485, 
153.636,29.2969,-77.3972,49.8203, 
153.638,29.2969,-77.3972,49.8203, 
153.792,29.2969,-79.3751,50.508, 
153.794,29.2969,-79.3751,50.508, 
153.95,29.2969,-78.5691,52.1641, 
153.953,29.2969,-78.5691,52.1641, 
154.112,29.2969,-79.741,53.336, 
154.114,29.2969,-79.741,53.336, 
154.271,29.2969,-79.741,54.5078, 
154.273,29.2969,-79.741,54.5078, 
154.433,29.2969,-79.741,54.5078, 
154.435,29.2969,-79.741,54.5078, 
154.593,29.2969,-78.8668,53.169, 
154.596,29.2969,-78.8668,53.169, 
154.751,29.2969,-78.8668,53.169, 
154.754,29.2969,-78.8668,53.169, 
154.91,29.2969,-79.741,54.5078, 
154.912,29.2969,-79.741,54.5078, 
155.069,29.2969,-79.741,55.6797, 
155.072,29.2969,-79.741,55.6797, 
155.229,29.2969,-80.0387,55.5128, 
155.232,29.2969,-80.0387,55.5128, 
155.387,29.2969,-81.2106,56.6847, 
155.389,29.2969,-81.2106,56.6847, 
155.55,29.2969,-80.9129,58.0235, 
155.552,29.2969,-80.9129,58.0235, 
155.709,29.2969,-82.3825,59.0284, 
155.712,29.2969,-82.3825,59.0284, 
155.869,29.2969,-82.3825,59.0284, 
155.871,29.2969,-82.3825,59.0284, 
156.029,29.2969,-83.7566,60.0791, 
156.031,29.2969,-83.7566,60.0791, 
156.184,29.2969,-83.2566,61.5391, 
156.186,29.2969,-83.2566,61.5391, 
156.345,29.2969,-84.9285,62.4228, 
156.348,29.2969,-84.9285,62.4228, 
156.503,29.2969,-84.4285,63.8828, 
156.505,29.2969,-84.4285,63.8828, 
156.665,29.2969,-84.4285,65.0547, 
156.668,29.2969,-84.4285,65.0547, 
156.826,29.2969,-85.8981,64.8878, 
156.828,29.2969,-85.8981,64.8878, 
156.983,29.2969,-85.6004,66.2266, 
156.985,29.2969,-85.6004,66.2266, 
157.141,29.2969,-85.8981,66.0597, 
157.143,29.2969,-85.8981,66.0597, 
157.304,29.2969,-87.07,67.2315, 
157.307,29.2969,-87.07,67.2315, 
157.463,29.2969,-87.07,68.4034, 
157.465,29.2969,-87.07,68.4034, 
157.62,29.2969,-87.07,68.4034, 
157.622,29.2969,-87.07,68.4034, 
157.779,29.2969,-88.4441,69.4541, 
157.782,29.2969,-88.4441,69.4541, 
157.94,29.2969,-88.2418,69.5753, 
157.943,29.2969,-88.2418,69.5753, 
158.1,29.2969,-87.9441,70.9141, 
158.102,29.2969,-87.9441,70.9141, 
158.259,29.2969,-88.7501,68.0861, 
158.261,29.2969,-88.7501,68.0861, 
158.706,27.4493,-85.5895,65.0346, 
158.708,27.4493,-85.5895,65.0346, 
158.866,27.407,-84.7132,62.5217, 
158.868,27.407,-84.7132,62.5217, 
159.028,29.2969,-85.2345,61.0549, 
159.031,29.2969,-85.2345,61.0549, 
159.184,29.2969,-83.5543,60.2003, 
159.186,29.2969,-83.5543,60.2003, 
159.348,29.2969,-83.7566,58.9072, 
159.35,29.2969,-83.7566,58.9072, 
159.504,29.2969,-82.3825,57.8565, 
159.506,29.2969,-82.3825,57.8565, 
159.663,29.2969,-82.5847,57.7353, 
159.666,29.2969,-82.5847,57.7353, 
159.824,29.2969,-82.5847,56.5635, 
159.827,29.2969,-82.5847,56.5635, 
159.983,29.2969,-80.9129,56.8516, 
159.985,29.2969,-80.9129,56.8516, 
160.145,29.2969,-81.1333,56.7293, 
160.147,29.2969,-81.1333,56.7293, 
160.305,29.2969,-81.4128,55.3916, 
160.308,29.2969,-81.4128,55.3916, 
160.464,29.2969,-81.7189,54.0236, 
160.466,29.2969,-81.7189,54.0236, 
160.623,29.2969,-79.741,54.5078, 
160.625,29.2969,-79.741,54.5078, 
160.779,29.2969,-80.241,53.0478, 
160.782,29.2969,-80.241,53.0478, 
160.94,29.2969,-78.8668,51.9972, 
160.943,29.2969,-78.8668,51.9972, 
161.099,29.2969,-78.8668,50.8253, 
161.101,29.2969,-78.8668,50.8253, 
161.261,29.2969,-77.3972,50.9922, 
161.264,29.2969,-77.3972,50.9922, 
161.421,29.2969,-77.695,49.6534, 
161.424,29.2969,-77.695,49.6534, 
161.576,29.2969,-77.3972,49.8203, 
161.579,29.2969,-77.3972,49.8203, 
161.74,29.2969,-77.3972,49.8203, 
161.742,29.2969,-77.3972,49.8203, 
161.899,29.2969,-78.2033,48.1643, 
161.901,29.2969,-78.2033,48.1643, 
162.058,29.2969,-77.8972,48.3603, 
162.061,29.2969,-77.8972,48.3603, 
162.216,29.2969,-76.2254,48.6485, 
162.218,29.2969,-76.2254,48.6485, 
162.374,29.2969,-76.5231,47.3097, 
162.377,29.2969,-76.5231,47.3097, 
162.536,29.2969,-77.0314,45.8205, 
162.538,29.2969,-77.0314,45.8205, 
162.695,29.2969,-77.4844,45.5, 
162.697,29.2969,-77.4844,45.5, 
162.857,28.125,-77.0314,45.8205, 
162.86,28.125,-77.0314,45.8205, 
163.012,29.2969,-74.1793,44.9659, 
163.014,29.2969,-74.1793,44.9659, 
163.175,29.2969,-73.8816,45.1328, 
163.177,29.2969,-73.8816,45.1328, 
163.332,29.2969,-74.6876,43.4768, 
163.334,29.2969,-74.6876,43.4768, 
163.49,29.2969,-74.3816,43.6728, 
163.493,29.2969,-74.3816,43.6728, 
163.652,29.2969,-74.3816,43.6728, 
163.655,29.2969,-74.3816,43.6728, 
163.811,29.2969,-74.6876,41.133, 
163.813,29.2969,-74.6876,41.133, 
163.973,29.2969,-73.3375,41.2491, 
163.976,29.2969,-73.3375,41.2491, 
164.133,29.2969,-75.8595,45.8205, 
164.136,29.2969,-75.8595,45.8205, 
164.288,29.2969,-76.7253,47.1885, 
164.291,29.2969,-76.7253,47.1885, 
164.447,29.2969,-77.8972,49.5322, 
164.449,29.2969,-77.8972,49.5322, 
164.609,29.2969,-77.3972,52.1641, 
164.612,29.2969,-77.3972,52.1641, 
164.769,29.2969,-80.0387,54.3409, 
164.772,29.2969,-80.0387,54.3409, 
164.929,29.2969,-80.0387,55.5128, 
164.932,29.2969,-80.0387,55.5128, 
165.086,29.2969,-81.2106,56.6847, 
165.089,29.2969,-81.2106,56.6847, 
165.245,29.2969,-80.9129,58.0235, 
165.248,29.2969,-80.9129,58.0235, 
165.405,29.2969,-82.3825,59.0284, 
165.408,29.2969,-82.3825,59.0284, 
165.568,29.2969,-83.7566,60.0791, 
165.571,29.2969,-83.7566,60.0791, 
165.724,29.2969,-83.7566,60.0791, 
165.726,29.2969,-83.7566,60.0791, 
165.887,29.2969,-82.9878,62.8505, 
165.889,29.2969,-82.9878,62.8505, 
166.044,29.2969,-85.2345,62.2268, 
166.046,29.2969,-85.2345,62.2268, 
166.203,29.2969,-84.4285,65.0547, 
166.205,29.2969,-84.4285,65.0547, 
166.363,29.2969,-85.8981,64.8878, 
166.365,29.2969,-85.8981,64.8878, 
166.524,29.2969,-85.8981,66.0597, 
166.68,29.2969,-87.2722,67.1103, 
166.682,29.2969,-87.2722,67.1103, 
166.841,29.2969,-87.07,68.4034, 
166.843,29.2969,-87.07,68.4034, 
167,29.2969,-88.4441,70.626, 
167.003,29.2969,-88.4441,70.626, 
167.159,29.2969,-87.9441,70.9141, 
167.161,29.2969,-87.9441,70.9141, 
167.323,29.2969,-89.616,71.7978, 
167.48,29.2969,-89.116,73.2578, 
167.483,29.2969,-89.116,73.2578, 
167.638,29.2969,-89.116,73.2578, 
167.798,27.4333,-91.0806,72.7537, 
167.966,27.4713,-90.7766,74.1234, 
168.118,27.4713,-90.7766,74.1234, 
168.12,27.4713,-90.7766,74.1234, 
168.275,27.4493,-90.277,74.4096, 
168.277,27.4493,-90.277,74.4096, 
168.439,27.4493,-90.277,75.5815, 
168.441,27.4493,-90.277,75.5815, 
168.597,27.4713,-91.9485,75.2952, 
168.599,27.4713,-91.9485,75.2952, 
168.755,27.4493,-91.4489,76.7533, 
168.758,27.4493,-91.4489,76.7533, 
168.918,27.3603,-92.0718,76.3807, 
168.92,27.3603,-92.0718,76.3807, 
169.074,27.407,-91.7445,77.7561, 
169.077,27.407,-91.7445,77.7561, 
169.233,27.4493,-91.4489,75.5815, 
169.235,27.4493,-91.4489,75.5815, 
169.395,27.4713,-90.7766,72.9515, 
169.398,27.4713,-90.7766,72.9515, 
169.551,28.125,-89.616,71.7978, 
169.554,28.125,-89.616,71.7978, 
169.711,28.125,-89.116,72.086, 
169.714,28.125,-89.116,72.086, 
169.874,28.125,-89.7438,71.7179, 
169.877,28.125,-89.7438,71.7179, 
170.03,28.125,-89.116,73.2578, 
170.033,28.125,-89.116,73.2578, 
170.252,28.125,-89.116,73.2578, 
170.349,28.125,-89.116,73.2578, 
170.352,28.125,-89.116,73.2578, 
170.507,28.125,-89.116,73.2578, 
170.669,28.125,-89.116,73.2578, 
170.829,28.125,-89.116,73.2578, 
170.832,28.125,-89.116,73.2578, 
170.987,28.125,-89.116,73.2578, 
170.989,28.125,-89.116,73.2578, 
171.149,28.125,-89.116,73.2578, 
171.152,28.125,-89.116,73.2578, 
171.309,28.125,-89.116,73.2578, 
171.312,28.125,-89.116,73.2578, 
171.467,28.125,-89.116,73.2578, 
171.469,28.125,-89.116,73.2578, 
171.629,28.125,-89.116,73.2578, 
171.632,28.125,-89.116,73.2578, 
171.789,28.125,-89.116,73.2578, 
171.791,28.125,-89.116,73.2578, 
171.947,28.125,-89.116,73.2578, 
171.949,28.125,-89.116,73.2578, 
172.104,28.125,-89.116,73.2578, 
172.106,28.125,-89.116,73.2578, 
172.265,28.125,-89.116,73.2578, 
172.267,28.125,-89.116,73.2578, 
172.424,28.125,-89.116,73.2578, 
172.427,28.125,-89.116,73.2578, 
172.582,28.125,-89.116,73.2578, 
172.743,28.125,-89.116,73.2578, 
172.746,28.125,-89.116,73.2578, 
172.904,28.125,-89.116,73.2578, 
172.906,28.125,-89.116,73.2578, 
173.063,28.125,-89.116,73.2578, 
173.065,28.125,-89.116,73.2578, 
173.222,28.125,-89.116,73.2578, 
173.224,28.125,-89.116,73.2578, 
173.379,28.125,-89.116,73.2578, 
173.382,28.125,-89.116,73.2578, 
173.543,28.125,-89.116,73.2578, 
173.545,28.125,-89.116,73.2578, 
173.702,28.125,-89.116,73.2578, 
173.704,28.125,-89.116,73.2578, 
173.862,28.125,-89.116,73.2578, 
173.865,28.125,-89.116,73.2578, 
174.021,28.125,-89.116,73.2578, 
174.024,28.125,-89.116,73.2578, 
174.18,28.125,-89.116,73.2578, 
174.182,28.125,-89.116,73.2578, 
174.339,28.125,-89.116,73.2578, 
174.342,28.125,-89.116,73.2578, 
174.499,28.125,-89.116,73.2578, 
174.502,28.125,-89.116,73.2578, 
174.66,28.125,-89.116,73.2578, 
174.662,28.125,-89.116,73.2578, 
174.815,28.125,-89.116,73.2578, 
174.817,28.125,-89.116,73.2578, 
174.975,28.125,-89.116,73.2578, 
174.977,28.125,-89.116,73.2578, 
175.134,28.125,-89.116,73.2578, 
175.137,28.125,-89.116,73.2578, 
175.294,28.125,-89.116,73.2578, 
175.297,28.125,-89.116,73.2578, 
175.454,28.125,-89.116,73.2578, 
175.457,28.125,-89.116,73.2578, 
175.616,28.125,-89.116,73.2578, 
175.619,28.125,-89.116,73.2578, 
175.775,28.125,-89.116,73.2578, 
175.777,28.125,-89.116,73.2578, 
175.933,28.125,-89.116,73.2578, 
175.936,28.125,-89.116,73.2578, 
176.095,28.125,-89.116,73.2578, 
176.097,28.125,-89.116,73.2578, 
176.253,28.125,-89.116,73.2578, 
176.255,28.125,-89.116,73.2578, 
176.413,28.125,-89.116,73.2578, 
176.416,28.125,-89.116,73.2578, 
176.569,28.125,-89.116,73.2578, 
176.572,28.125,-89.116,73.2578, 
176.731,28.125,-89.116,73.2578, 
176.733,28.125,-89.116,73.2578, 
176.89,28.125,-89.116,73.2578, 
176.892,28.125,-89.116,73.2578, 
177.05,28.125,-89.116,73.2578, 
177.053,28.125,-89.116,73.2578, 
177.211,28.125,-89.116,73.2578, 
177.213,28.125,-89.116,73.2578, 
177.369,28.125,-89.116,73.2578, 
177.372,28.125,-89.116,73.2578, 
177.527,28.125,-89.116,73.2578, 
177.529,28.125,-89.116,73.2578, 
177.689,28.125,-89.116,73.2578, 
177.692,28.125,-89.116,73.2578, 
177.845,28.125,-89.116,73.2578, 
177.848,28.125,-89.116,73.2578, 
178.005,28.125,-89.116,73.2578, 
178.008,28.125,-89.116,73.2578, 
178.168,28.125,-89.116,73.2578, 
178.171,28.125,-89.116,73.2578, 
178.328,28.125,-89.116,73.2578, 
178.331,28.125,-89.116,73.2578, 
178.485,28.125,-89.116,73.2578, 
178.487,28.125,-89.116,73.2578, 
178.643,28.125,-89.116,73.2578, 
178.645,28.125,-89.116,73.2578, 
178.806,28.125,-89.116,73.2578, 
178.965,28.125,-89.116,73.2578, 
178.967,28.125,-89.116,73.2578, 
179.122,28.125,-89.116,73.2578, 
179.124,28.125,-89.116,73.2578, 
179.283,28.125,-89.116,73.2578, 
179.286,28.125,-89.116,73.2578, 
179.444,28.125,-89.116,73.2578, 
179.447,28.125,-89.116,73.2578, 
179.603,28.125,-89.116,73.2578, 
179.605,28.125,-89.116,73.2578, 
179.762,28.125,-89.116,73.2578, 
179.764,28.125,-89.116,73.2578, 
179.922,28.125,-89.116,73.2578, 
179.925,28.125,-89.116,73.2578, 
180.081,28.125,-89.116,73.2578, 
180.084,28.125,-89.116,73.2578, 
180.242,28.125,-89.116,73.2578, 
180.244,28.125,-89.116,73.2578, 
180.398,28.125,-89.116,73.2578, 
180.4,28.125,-89.116,73.2578, 
180.561,28.125,-89.116,73.2578, 
180.564,28.125,-89.116,73.2578, 
180.72,28.125,-89.116,73.2578, 
180.722,28.125,-89.116,73.2578, 
180.878,28.125,-89.116,73.2578, 
180.88,28.125,-89.116,73.2578, 
181.037,28.125,-89.116,73.2578, 
181.04,28.125,-89.116,73.2578, 
181.197,28.125,-89.116,73.2578, 
181.2,28.125,-89.116,73.2578, 
181.355,28.125,-89.116,73.2578, 
181.357,28.125,-89.116,73.2578, 
181.517,28.125,-89.116,73.2578, 
181.519,28.125,-89.116,73.2578, 
181.677,28.125,-89.116,73.2578, 
181.68,28.125,-89.116,73.2578, 
181.837,28.125,-89.116,73.2578, 
181.84,28.125,-89.116,73.2578, 
181.993,28.125,-89.116,73.2578, 
181.996,28.125,-89.116,73.2578, 
182.154,28.125,-89.116,73.2578, 
182.157,28.125,-89.116,73.2578, 
182.314,28.125,-89.116,73.2578, 
182.316,28.125,-89.116,73.2578, 
182.471,28.125,-89.116,73.2578, 
182.473,28.125,-89.116,73.2578, 
182.633,28.125,-89.116,73.2578, 
182.636,28.125,-89.116,73.2578, 
182.793,28.125,-89.116,73.2578, 
182.796,28.125,-89.116,73.2578, 
182.952,28.125,-89.116,73.2578, 
183.112,28.125,-89.116,73.2578, 
183.271,28.125,-89.116,73.2578, 
183.274,28.125,-89.116,73.2578, 
183.428,28.125,-89.116,73.2578, 
183.431,28.125,-89.116,73.2578, 
183.588,28.125,-89.116,73.2578, 
183.59,28.125,-89.116,73.2578, 
183.747,28.125,-89.116,73.2578, 
183.75,28.125,-89.116,73.2578, 
183.908,28.125,-89.116,73.2578, 
183.911,28.125,-89.116,73.2578, 
184.067,28.125,-89.4137,73.0909, 
184.069,28.125,-89.4137,73.0909, 
184.226,28.125,-89.116,73.2578, 
184.229,28.125,-89.116,73.2578, 
184.387,28.125,-89.116,73.2578, 
184.39,28.125,-89.116,73.2578, 
184.546,28.125,-89.116,73.2578, 
184.549,28.125,-89.116,73.2578, 
184.708,28.125,-89.116,73.2578, 
184.711,28.125,-89.116,73.2578, 
184.864,28.125,-89.116,73.2578, 
184.866,28.125,-89.116,73.2578, 
185.027,28.125,-89.116,73.2578, 
185.029,28.125,-89.116,73.2578, 
185.184,28.125,-89.116,73.2578, 
185.186,28.125,-89.116,73.2578, 
185.344,28.125,-89.116,73.2578, 
185.346,28.125,-89.116,73.2578, 
185.505,28.125,-89.116,73.2578, 
185.507,28.125,-89.116,73.2578, 
185.664,28.125,-89.116,73.2578, 
185.666,28.125,-89.116,73.2578, 
185.824,28.125,-89.116,73.2578, 
185.826,28.125,-89.116,73.2578, 
185.984,28.125,-89.116,73.2578, 
185.986,28.125,-89.116,73.2578, 
186.143,28.125,-89.116,73.2578, 
186.145,28.125,-89.116,73.2578, 
186.302,28.125,-89.116,73.2578, 
186.305,28.125,-89.116,73.2578, 
186.458,28.125,-89.116,73.2578, 
186.461,28.125,-89.116,73.2578, 
186.62,28.125,-89.4137,73.0909, 
186.622,28.125,-89.4137,73.0909, 
186.779,28.125,-89.116,73.2578, 
186.781,28.125,-89.116,73.2578, 
186.937,28.125,-89.116,73.2578, 
186.94,28.125,-89.116,73.2578, 
187.099,28.125,-89.116,73.2578, 
187.101,28.125,-89.116,73.2578, 
187.258,28.125,-89.116,73.2578, 
187.261,28.125,-89.116,73.2578, 
187.416,28.125,-89.116,73.2578, 
187.418,28.125,-89.116,73.2578, 
187.577,28.125,-89.116,73.2578, 
187.579,28.125,-89.116,73.2578, 
187.737,28.125,-89.116,73.2578, 
187.74,28.125,-89.116,73.2578, 
187.895,28.125,-89.116,73.2578, 
187.897,28.125,-89.116,73.2578, 
188.057,28.125,-89.4137,73.0909, 
188.06,28.125,-89.4137,73.0909, 
188.217,28.125,-89.116,73.2578, 
188.22,28.125,-89.116,73.2578, 
188.372,28.125,-89.116,73.2578, 
188.375,28.125,-89.116,73.2578, 
188.536,28.125,-89.116,73.2578, 
188.539,28.125,-89.116,73.2578, 
188.692,28.125,-89.116,73.2578, 
188.694,28.125,-89.116,73.2578, 
188.855,28.125,-89.116,73.2578, 
188.857,28.125,-89.116,73.2578, 
189.012,28.125,-89.116,73.2578, 
189.014,28.125,-89.116,73.2578, 
189.17,28.125,-89.116,73.2578, 
189.173,28.125,-89.116,73.2578, 
189.332,28.125,-89.116,73.2578, 
189.334,28.125,-89.116,73.2578, 
189.491,28.125,-89.116,73.2578, 
189.493,28.125,-89.116,73.2578, 
189.653,28.125,-89.116,73.2578, 
189.656,28.125,-89.116,73.2578, 
189.808,28.125,-89.116,73.2578, 
189.811,28.125,-89.116,73.2578, 
189.971,28.125,-89.116,73.2578, 
189.973,28.125,-89.116,73.2578, 
190.127,28.125,-89.116,73.2578, 
190.287,28.125,-89.116,73.2578, 
190.289,28.125,-89.116,73.2578, 
190.448,28.125,-89.116,73.2578, 
190.45,28.125,-89.116,73.2578, 
190.897,28.125,-89.116,73.2578, 
190.899,28.125,-89.116,73.2578, 
191.057,28.125,-89.116,73.2578, 
191.06,28.125,-89.116,73.2578, 
191.217,28.125,-89.116,73.2578, 
191.22,28.125,-89.116,73.2578, 
191.375,28.125,-89.116,73.2578, 
191.377,28.125,-89.116,73.2578, 
191.537,28.125,-89.116,73.2578, 
191.54,28.125,-89.116,73.2578, 
191.692,28.125,-89.116,73.2578, 
191.694,28.125,-89.116,73.2578, 
191.853,28.125,-89.116,73.2578, 
191.856,28.125,-89.116,73.2578, 
192.011,28.125,-89.116,73.2578, 
192.013,28.125,-89.116,73.2578, 
192.173,28.125,-89.116,73.2578, 
192.176,28.125,-89.116,73.2578, 
192.333,28.125,-89.116,73.2578, 
192.336,28.125,-89.116,73.2578, 
192.491,28.125,-89.116,73.2578, 
192.493,28.125,-89.116,73.2578, 
192.653,28.125,-89.116,73.2578, 
192.656,28.125,-89.116,73.2578, 
192.808,28.125,-89.116,73.2578, 
192.811,28.125,-89.116,73.2578, 
192.969,28.125,-89.116,73.2578, 
192.971,28.125,-89.116,73.2578, 
193.129,28.125,-89.116,73.2578, 
193.131,28.125,-89.116,73.2578, 
193.29,28.125,-89.116,73.2578, 
193.293,28.125,-89.116,73.2578, 
193.449,28.125,-89.116,73.2578, 
193.452,28.125,-89.116,73.2578, 
193.607,28.125,-89.116,73.2578, 
193.609,28.125,-89.116,73.2578, 
193.767,28.125,-89.116,73.2578, 
193.77,28.125,-89.116,73.2578, 
193.926,28.125,-89.116,73.2578, 
193.929,28.125,-89.116,73.2578, 
194.088,28.125,-89.116,73.2578, 
194.09,28.125,-89.116,73.2578, 
194.244,28.125,-89.116,73.2578, 
194.247,28.125,-89.116,73.2578, 
194.406,28.125,-89.116,73.2578, 
194.409,28.125,-89.116,73.2578, 
194.567,28.125,-89.116,73.2578, 
194.569,28.125,-89.116,73.2578, 
194.727,28.125,-89.4137,73.0909, 
194.73,28.125,-89.4137,73.0909, 
194.886,28.125,-89.116,73.2578, 
194.889,28.125,-89.116,73.2578, 
195.045,28.125,-89.116,73.2578, 
195.048,28.125,-89.116,73.2578, 